{
    "VideoURL": "https://www.youtube.com/watch?v=QpIHg8dhBEE",
    "Type": "YT video",
    "Categories": [
        "مشروع مانهاتن",
        "مشروع مانهاتن النووي",
        "manhattan project",
        "the manhattan project",
        "القنبلة النووية",
        "atomic bomb",
        "قصة القنبلة النووية",
        "مشروع منهاتن",
        "كيف صنعت القنبلة النووية",
        "معلومات عن الطاقة النووية",
        "النووية",
        "الاتحاد السوفييتي",
        "الاتحاد السوفيتي",
        "الاسلحة النووية",
        "الاتحاد السوفياتي",
        "nuclear bomb",
        "atom bomb",
        "nuclear weapons",
        "world war 2",
        "world war ii",
        "الدحيح",
        "برنامج الدحيح الجديد",
        "حلقة الدحيح",
        "برنامج الدحيح",
        "#daheeh #الدحيح",
        "eldahih",
        "elda7ee7",
        "daheeh",
        "da7ee7",
        "al daheeh",
        "eldaheeh"
    ],
    "Title": "Oppenheimer | الدحيح",
    "Number_of_Likes": 206192,
    "Number_of_Dislikes": 0,
    "Number_of_Views": 6313109,
    "Number_of_Comments": 3213
}