{
    "VideoURL": "https://www.youtube.com/watch?v=YojIlSjdjto",
    "Type": "YT video",
    "Categories": [
        "الدحيح",
        "eldahih",
        "elda7ee7",
        "da7ee7",
        "al daheeh",
        "اكاديمية الاعلام الجديد",
        "حلقة الدحيح",
        "daheeh",
        "new media academy",
        "قصة الاسبرانتو",
        "اللغات الأوروبية",
        "لغة الإسبرانتو",
        "الإمبراطورية الروسية",
        "فرنسا",
        "الحرب العالمية التانية",
        "مؤامرة يهودية",
        "الإيموجي",
        "مليار إيموجي",
        "الفيسبوك",
        "قاموس أكسفورد",
        "ظهور الكمبيوتر والإنترنت",
        "نيويورك تايمز",
        "لينكولن",
        "فلاديمير نابوكوف",
        "متحف نيويورك للفن الحديث",
        "مصمم الأيموجي",
        "عالم الأكواد",
        "هواوي",
        "رئيس وزراء اليابان",
        "هيلاري كيلنتون",
        "كلود شانون",
        "الصداقة والحميمية المفقودة"
    ],
    "Title": "😂 | الدحيح",
    "Number_of_Likes": 58615,
    "Number_of_Dislikes": 0,
    "Number_of_Views": 1643592,
    "Number_of_Comments": 1360
}