{
    "VideoURL": "https://www.youtube.com/watch?v=subByvOYARA",
    "Type": "YT video",
    "Categories": [
        "الدحيح",
        "حلقة الدحيح",
        "برنامج الدحيح الجديد",
        "new media academy الدحيح",
        "#daheeh #الدحيح",
        "daheeh",
        "eldahih",
        "elda7ee7",
        "da7ee7",
        "eldaheeh",
        "اكاديمية الاعلام الجديد",
        "new media academy",
        "elda7i7",
        "الاستثمار",
        "الاستثمار في البورصة",
        "الاستثمار في الاسهم",
        "الاستثمار في الاسهم الامريكية",
        "الاستثمار في الاسهم 2023",
        "التشاؤم",
        "التشاؤم والتفكير السلبي",
        "التشاؤم أسلوب حياة",
        "أسباب التشاؤم",
        "معنى التشاؤم",
        "التشائم في الحياة",
        "مذنب هالي",
        "الازمة المالية 2008",
        "الصندوق الأسود",
        "الثورة الصناعية",
        "دو بوتون"
    ],
    "Title": "فن التشاؤم | الدحيح",
    "Number_of_Likes": 96915,
    "Number_of_Dislikes": 0,
    "Number_of_Views": 2982827,
    "Number_of_Comments": 2239
}