{
    "VideoURL": "https://www.youtube.com/watch?v=9RYlcU2sXTc",
    "Type": "YT video",
    "Categories": [
        "الدحيح",
        "نيو ميديا أكاديمي",
        "da7e7",
        "new media academy",
        "الشمس",
        "الأرض",
        "المجموعة الشمسية",
        "الكواكب",
        "مجرة درب التبانة",
        "برج الجوزاء",
        "Astronomical Spectroscopy",
        "ضوء الشمس",
        "العناصر الكيميائية",
        "الهيدروجين",
        "Supernova",
        "شحنة كهربية",
        "الإندماج النووي",
        "كتلة الشمس",
        "قوة الجاذبية",
        "المستعر الأعظم",
        "القمر",
        "الجاذبية",
        "النيوترون",
        "الالكترونات",
        "النجم النيوتروني",
        "النجم النابض",
        "Pulsars",
        "سديم السرطان",
        "الظواهر الفلكية",
        "الساعة الشمسية",
        "السنة الضوئية",
        "المسافات الفلكية",
        "الأجرام السماوية",
        "الأبحاث الفلكية",
        "برنامج الدحيح"
    ],
    "Title": "يوم قيامة النجم | الدحيح",
    "Number_of_Likes": 90608,
    "Number_of_Dislikes": 0,
    "Number_of_Views": 2644684,
    "Number_of_Comments": 3432
}