{
    "VideoURL": "https://www.youtube.com/watch?v=kHYe-nAQT_M",
    "Type": "YT video",
    "Categories": [
        "الدحيح",
        "برنامج الدحيح الجديد",
        "eldahih",
        "elda7ee7",
        "da7ee7",
        "al daheeh",
        "اكاديمية الاعلام الجديد",
        "حلقة الدحيح",
        "daheeh",
        "new media academy",
        "أسلوب حياة صحي",
        "شهر الصيام",
        "شهر رمضان",
        "الأكل في رمضان",
        "الكالوريز",
        "سعرات حرارية",
        "التخسيس",
        "مايكل فيلبس",
        "أنجس باربيري",
        "بطل أوليمبي",
        "تغيرات الوزن في رمضان",
        "الهيموجلوبين السكري",
        "معدلات السكر",
        "الكوليستيرول",
        "نسب السكر في الدم",
        "معادلة الوزن",
        "التمثيل الغذائي",
        "فائض سعري",
        "الجلوكوز",
        "حرق الدهون",
        "الدايت",
        "نظام تخسيس",
        "دورية الرابطة الطبية الأمريكية",
        "صيام رمضان"
    ],
    "Title": "ليه بنتخن في رمضان؟ | الدحيح",
    "Number_of_Likes": 81404,
    "Number_of_Dislikes": 0,
    "Number_of_Views": 2376770,
    "Number_of_Comments": 1861
}