{
    "VideoURL": "https://www.youtube.com/watch?v=51MSQkHRwDg",
    "Type": "YT video",
    "Categories": [
        "الدحيح",
        "eldahih",
        "elda7ee7",
        "da7ee7",
        "al daheeh",
        "اكاديمية الاعلام الجديد",
        "حلقة الدحيح",
        "daheeh",
        "new media academy",
        "فوبيا",
        "وسواس قهري",
        "الخوف",
        "مرض السعار",
        "لويس باستير",
        "تعامل الأطباء مع الفوبيا",
        "علاج الفوبيا",
        "رهاب الماء",
        "العلاج بالرقص",
        "التطعيم",
        "الخوف من الحشرات",
        "اضطراب القلق الاجتماعي",
        "العلاج بالتعريض",
        "الأدرينالين",
        "الهايدروفوبيا",
        "اضطراب نفسي",
        "الامراض النفسية",
        "تطوير الغرائز",
        "العادات السبع للناس الأكثر فعالية",
        "مستقبل الخوف",
        "الشجاعة",
        "الخوف من المستقبل",
        "الطمأنينة",
        "الخوف من الكلاب"
    ],
    "Title": "فوبيا | الدحيح",
    "Number_of_Likes": 69151,
    "Number_of_Dislikes": 0,
    "Number_of_Views": 2106996,
    "Number_of_Comments": 1460
}