{
    "VideoURL": "https://www.youtube.com/watch?v=4lEDoOcgjPQ",
    "Type": "YT video",
    "Categories": [
        "الدحيح",
        "برنامج الدحيح الجديد",
        "eldahih",
        "elda7ee7",
        "da7ee7",
        "al daheeh",
        "Akbar Anthony",
        "اكاديمية الاعلام الجديد",
        "حلقة الدحيح",
        "daheeh",
        "new media academy",
        "فخ الذكاء",
        "عيوب الذكاء",
        "الذكاء الاجتماعي",
        "الاغبياء",
        "غباء العباقرة",
        "جروسمان",
        "أديسون",
        "شيرلوك هولمز",
        "حق المساواة في التعليم",
        "إختبار IQ",
        "اختبارات الذكاء",
        "معدل الذكاء",
        "تيرمان",
        "تجارب علم النفس",
        "السلوك الاجرامي",
        "اختبار SAT",
        "اختبار تيرمان",
        "تأثير تيرمان",
        "آرثر كونان دويل",
        "توماس أديسون",
        "جورج ويستنجهاوس",
        "نيكولا تيسلا",
        "راي هايمان",
        "دانيال كانمان"
    ],
    "Title": "لماذا يرتكب الأذكياء حماقات؟ | الدحيح",
    "Number_of_Likes": 122237,
    "Number_of_Dislikes": 0,
    "Number_of_Views": 4107723,
    "Number_of_Comments": 2714
}