{
    "VideoURL": "https://www.youtube.com/watch?v=O8K3XEb62NQ",
    "Type": "YT video",
    "Categories": [
        "الدحيح",
        "برنامج الدحيح الجديد",
        "new media academy الدحيح",
        "eldahih",
        "elda7ee7",
        "Manchester united",
        "Alex Ferguson",
        "manutd",
        "اكاديمية الاعلام الجديد",
        "حلقة الدحيح",
        "daheeh",
        "اليكس فيرجسون",
        "السير أليكس فيرجسون",
        "مانشستر",
        "فيرجسون",
        "مانشستر يونايتد",
        "إيريك هاريسون",
        "رايان جيجز",
        "نيكي بات",
        "بول سكولز",
        "شافي",
        "انييستا",
        "جاري نيفيل",
        "فيليب نيفيل",
        "ديفيد بيكهام",
        "بوبي تشارلتون",
        "ايريك new media academy",
        "مانشستر سيتي",
        "ليفربول",
        "da7ee7",
        "بيتر شمايكل",
        "الدوري الانجليزي",
        "مورينيو",
        "al daheeh",
        "جوارديولا",
        "رونالدو",
        "بايرن ميونخ"
    ],
    "Title": "مانشستر يونايتد | الدحيح",
    "Number_of_Likes": 165894,
    "Number_of_Dislikes": 0,
    "Number_of_Views": 4762000,
    "Number_of_Comments": 4234
}