{
    "VideoURL": "https://www.youtube.com/watch?v=UXbGqkCE7Qw",
    "Type": "YT video",
    "Categories": [
        "الدحيح",
        "eldahih",
        "elda7ee7",
        "da7ee7",
        "al daheeh",
        "اكاديمية الاعلام الجديد",
        "حلقة الدحيح",
        "daheeh",
        "new media academy",
        "الأوكستوسين",
        "التواصل الجسدي",
        "هرمون الارتباط",
        "الأوكسيتوسين",
        "المرتبطين",
        "علاقات عن بعد",
        "السوشيال ميديا",
        "علم النفس الاجتماعي",
        "القلق والاكتئاب",
        "جيل الالفية",
        "حرية الأبناء",
        "الصداقات في العمل",
        "حماية الأطفال",
        "الطبقات الاجتماعية",
        "دافور سولتر",
        "الأب والأبناء",
        "شعب الأكا",
        "لماذا الجنس للمتعة",
        "أبوك؟ هل تعرف عنه كل شيء؟",
        "صحة الجنين",
        "الفرق بين الأم والأب",
        "تأثير النظام الغذائي"
    ],
    "Title": "ماذا قال الدحيح عن الأب والأم والعلاقات عن بعد؟ | الدحيح",
    "Number_of_Likes": 2790,
    "Number_of_Dislikes": 0,
    "Number_of_Views": 89822,
    "Number_of_Comments": 101
}