{
    "VideoURL": "https://www.youtube.com/watch?v=jDs55BiCSBk",
    "Type": "YT video",
    "Categories": [
        "الدحيح",
        "eldahih",
        "elda7ee7",
        "da7ee7",
        "al daheeh",
        "اكاديمية الاعلام الجديد",
        "حلقة الدحيح",
        "daheeh",
        "new media academy",
        "العلوم الجنائية",
        "الطب الشرعي",
        "المشرحة",
        "مشرحة زينهم",
        "الجثث",
        "الطبيب الشرعي",
        "قسم الطب الشرعي والسموم",
        "علم الحشرات الشرعي",
        "بصمات الأصابع",
        "طريقة الوفاة",
        "العلم الشرعي",
        "مسرح الجريمة",
        "ادلة جنائية",
        "تشريح الجثة",
        "عملية التحلل",
        "توقيت الوفاة",
        "جريمة القتل",
        "طبيب شرعي",
        "الشرطة",
        "أدلة مسرح الجريمة",
        "تحلل الجثث",
        "اسباب الوفاة"
    ],
    "Title": "مايحدث في المشرحة | الدحيح",
    "Number_of_Likes": 121404,
    "Number_of_Dislikes": 0,
    "Number_of_Views": 3359122,
    "Number_of_Comments": 2144
}