{
    "VideoURL": "https://www.youtube.com/watch?v=Li9bNk1enQw",
    "Type": "YT video",
    "Categories": [
        "الدحيح",
        "eldahih",
        "elda7ee7",
        "da7ee7",
        "al daheeh",
        "اكاديمية الاعلام الجديد",
        "حلقة الدحيح",
        "daheeh",
        "new media academy",
        "ماركو بولو",
        "المحيط الهادي",
        "الرحالة الإيطالي",
        "الصين",
        "الشرق الأقصى",
        "الثقافة الشرقية",
        "السياسات الاستعمارية",
        "طريق الحرير",
        "الجزيرة الكورية",
        "العالم القديم",
        "إمبراطور الصين",
        "أقوى رجل على وجه الأرض",
        "البندقية",
        "الأرخبيل الاندونيسي",
        "سور الصين العظيم",
        "رحلات ابن بطوطة",
        "الإدريسي",
        "الرحالة الأوروبيين",
        "عصر النهضة الأوروبية",
        "كريستوفر كولومبوس",
        "مونجو بارك"
    ],
    "Title": "ماركو بولو | الدحيح",
    "Number_of_Likes": 71564,
    "Number_of_Dislikes": 0,
    "Number_of_Views": 2305987,
    "Number_of_Comments": 2326
}