{
    "VideoURL": "https://www.youtube.com/watch?v=0MPLzRDCFAg",
    "Type": "YT video",
    "Categories": [
        "الدحيح",
        "eldahih",
        "elda7ee7",
        "da7ee7",
        "al daheeh",
        "اكاديمية الاعلام الجديد",
        "حلقة الدحيح",
        "daheeh",
        "new media academy",
        "استكشاف الفضاء",
        "الفضاء",
        "حياة الفضاء",
        "صعود القمر",
        "اكتشاف القمر",
        "يوري جاجارين",
        "مكوك فضائي",
        "سطح القمر",
        "نيل ارمستروج",
        "مايكل كولنز",
        "رائد الفضاء",
        "وكالة الفضاء اليابانية",
        "وكالة ناسا",
        "محطة الفضاء الدولية",
        "بذلة رائد الفضاء",
        "غزو الفضاء",
        "مشروع أبوللو",
        "الأخوان رايت",
        "رائد علوم الفضاء",
        "محطة الفضاء مير",
        "الاتحاد السوفييتي",
        "يوم في حياة رائـد فضاء"
    ],
    "Title": "يوم في حياة رائـد فضاء | الدحيح",
    "Number_of_Likes": 78215,
    "Number_of_Dislikes": 0,
    "Number_of_Views": 2431407,
    "Number_of_Comments": 1532
}