{
    "VideoURL": "https://www.youtube.com/watch?v=2Ny5xYj2BEk",
    "Type": "YT video",
    "Categories": [
        "لا تأكل بالشوكة | الدحيح",
        "etiquette",
        "الدحيح",
        "new media academy الدحيح",
        "new media academy",
        "اكاديمية الاعلام الجديد",
        "daheeh",
        "el daheeh",
        "بوكافيين",
        "ناصر العقيل",
        "كويلي",
        "دحيح",
        "حلقة الدحيح",
        "برنامج الدحيح الجديد",
        "الإتيكيت",
        "Princess Diana",
        "Principles of Etiquette",
        "manners",
        "الأكل الصحي",
        "الشوكة الذهبية",
        "السكينة",
        "العصور الحجرية",
        "بروتوكول الكنيسة",
        "الطاعون الإسود",
        "قاموس إكسفورد",
        "كونفوشيوس",
        "قصة جاجارين",
        "الإتيكيت الأرستقراطي",
        "جان جاك روسو",
        "ماري أنطوانيت",
        "الثورة الفرنسية",
        "الديمقراطية",
        "الأميرة ديانا"
    ],
    "Title": "لا تأكل بالشوكة | الدحيح",
    "Number_of_Likes": 99558,
    "Number_of_Dislikes": 0,
    "Number_of_Views": 2404597,
    "Number_of_Comments": 2189
}