{
    "VideoURL": "https://www.youtube.com/watch?v=upJF5V4AD1Y",
    "Type": "YT video",
    "Categories": [
        "الدحيح",
        "eldahih",
        "elda7ee7",
        "da7ee7",
        "al daheeh",
        "اكاديمية الاعلام الجديد",
        "حلقة الدحيح",
        "daheeh",
        "new media academy",
        "التشاؤم أسلوب حياة",
        "أسباب التشاؤم",
        "الاستثمار في البورصة",
        "دوبامين",
        "الأوكستوسين",
        "مراكز إنتاج الدوبامين",
        "السكيزوفرينيا",
        "هرمون السعادة",
        "أسباب السعادة",
        "الدوبامين",
        "السيروتونين",
        "ما هو هرمون السعادة",
        "هرمون الدوبامين",
        "الأمفيتامين",
        "مدمن دوبامين",
        "التشاؤم",
        "معنى التشاؤم",
        "التشائم في الحياة",
        "مذنب هالي",
        "الازمة المالية",
        "الثورة الصناعية",
        "dopamine",
        "السعادة في الحياة",
        "هرمون السعادة الدوبامين"
    ],
    "Title": "ماذا قال الدحيح عن الحساسية والموت والمقابر؟ | الدحيح",
    "Number_of_Likes": 2293,
    "Number_of_Dislikes": 0,
    "Number_of_Views": 79928,
    "Number_of_Comments": 79
}