{
    "VideoURL": "https://www.youtube.com/watch?v=W9ufeRcNJ-M",
    "Type": "YT video",
    "Categories": [
        "الدحيح",
        "برنامج الدحيح الجديد",
        "حلقة الدحيح",
        "eldahih",
        "new media academy الدحيح",
        "elda7ee7",
        "daheeh",
        "da7ee7",
        "دحيح",
        "al daheeh",
        "eldaheeh",
        "elda7i7",
        "new media academy",
        "اكاديمية الاعلام الجديد",
        "أكاديمية الإعلام الجديد",
        "spending habits",
        "spending habits research",
        "how to control spending habits",
        "personal finance",
        "how to save money",
        "saving money",
        "budgeting",
        "الحرية المالية",
        "ادارة المال",
        "ثقافة مالية",
        "الاقتصاد السلوكي",
        "علم الاقتصاد",
        "أيكيا",
        "إينغفار كامبراد",
        "فيكتور جروين",
        "ريتشارد ثالر",
        "كاس سانستين"
    ],
    "Title": "كيف تخدع الناس؟ | الدحيح",
    "Number_of_Likes": 135210,
    "Number_of_Dislikes": 0,
    "Number_of_Views": 3554945,
    "Number_of_Comments": 2349
}