{
    "VideoURL": "https://www.youtube.com/watch?v=1bkakLwbPJ0",
    "Type": "YT video",
    "Categories": [
        "الدحيح",
        "eldahih",
        "elda7ee7",
        "da7ee7",
        "al daheeh",
        "اكاديمية الاعلام الجديد",
        "حلقة الدحيح",
        "daheeh",
        "new media academy",
        "klopp",
        "يورجن كلوب",
        "ليفربول",
        "محمد صلاح",
        "كلوب",
        "بروسيا دورتموند",
        "ماينز",
        "الدوري الالماني",
        "ساديو ماني",
        "بايرن ميونخ",
        "الدوري الانجليزي",
        "مانشستر يونايتد",
        "جوارديولا",
        "بطل الدوري الالماني",
        "بطل الدوري الانجليزي",
        "بريميرليج",
        "اليكس فيرجسون",
        "جماهير ليفربول",
        "اغنيه ليفربول",
        "توتنهام",
        "مانشستر سيتي",
        "لاعبي ليفربول",
        "القاب ليفربول",
        "فيرمينو",
        "تشكيل ليفربول"
    ],
    "Title": "كلوب 2 | الدحيح",
    "Number_of_Likes": 78348,
    "Number_of_Dislikes": 0,
    "Number_of_Views": 1622564,
    "Number_of_Comments": 1737
}