{
    "VideoURL": "https://www.youtube.com/watch?v=Y2rFelckA48",
    "Type": "YT video",
    "Categories": [
        "الدحيح",
        "eldahih",
        "elda7ee7",
        "da7ee7",
        "al daheeh",
        "اكاديمية الاعلام الجديد",
        "حلقة الدحيح",
        "daheeh",
        "new media academy",
        "نابليون",
        "الحملة الفرنسية",
        "الاحتلال الفرنسي",
        "الاستعمار الفرنسي",
        "فريزر",
        "ميلو",
        "نابليون بونابرت",
        "حملة فريزر",
        "ابو قير",
        "الجامع الازهر",
        "الحملة الفرنسية بقيادة نابليون بونابرت",
        "الجبرتي",
        "نابليون والإسلام",
        "إعلام الحملة الفرنسية"
    ],
    "Title": "نابليون في القاهرة | الدحيح",
    "Number_of_Likes": 103555,
    "Number_of_Dislikes": 0,
    "Number_of_Views": 3726925,
    "Number_of_Comments": 2921
}