{
    "VideoURL": "https://www.youtube.com/watch?v=nvhh95cyRDw",
    "Type": "YT video",
    "Categories": [
        "الدحيح",
        "eldahih",
        "elda7ee7",
        "da7ee7",
        "al daheeh",
        "اكاديمية الاعلام الجديد",
        "حلقة الدحيح",
        "daheeh",
        "new media academy",
        "اختفاء الطائرة",
        "طائرة ماليزيا",
        "الطائرة المفقودة",
        "مطار كوالالمبور",
        "موجات الراديو",
        "لغز اختفاء الطائرة",
        "نظام المراقبة الجوية",
        "مراقب الطيران",
        "اللاسلكي",
        "تردد اللاسلكي",
        "هبوط اضطراري",
        "سقوط الطيارة",
        "الطيارة الماليزية",
        "الرادار العسكري",
        "اجهزة الملاحة",
        "طائرات نقل الركاب",
        "الرادار",
        "رادار الطيران",
        "لغز الطيارة",
        "طيران شراعي",
        "ألغاز التاريخ",
        "أزمة الطيارة الماليزية"
    ],
    "Title": "كيف تخفي طائرة إلى الأبد ؟ | الدحيح",
    "Number_of_Likes": 127402,
    "Number_of_Dislikes": 0,
    "Number_of_Views": 3425513,
    "Number_of_Comments": 2926
}