{
    "VideoURL": "https://www.youtube.com/watch?v=YnTEXW7RaYY",
    "Type": "YT video",
    "Categories": [
        "الدحيح",
        "حلقة الدحيح",
        "برنامج الدحيح الجديد",
        "برنامج الدحيح",
        "new media academy الدحيح",
        "daheeh",
        "eldahih",
        "elda7ee7",
        "da7ee7",
        "al daheeh",
        "new media academy",
        "اكاديمية الاعلام الجديد",
        "مقابلات التوظيف",
        "اسئلة مقابلات التوظيف",
        "مقابلة العمل",
        "مقابلة عمل",
        "ماذا يسألون في مقابلة العمل",
        "أسئلة وأجوبة مقابلات التوظيف",
        "اشهر اسئله مقابلات التوظيف",
        "انواع مقابلات التوظيف",
        "النجاح في مقابلات التوظيف",
        "اسئلة في مقابلات التوظيف",
        "التوظيف",
        "مقابلة العمل الناجحة",
        "كيف اتصرف في مقابلة العمل",
        "فوربس",
        "جويس لين كنيدي"
    ],
    "Title": "إنترفيو | الدحيح",
    "Number_of_Likes": 87744,
    "Number_of_Dislikes": 0,
    "Number_of_Views": 2018776,
    "Number_of_Comments": 1574
}