{
    "VideoURL": "https://www.youtube.com/watch?v=U_cHdU1xv3k",
    "Type": "YT video",
    "Categories": [
        "الدحيح",
        "eldahih",
        "elda7ee7",
        "da7ee7",
        "al daheeh",
        "اكاديمية الاعلام الجديد",
        "حلقة الدحيح",
        "daheeh",
        "new media academy",
        "الخياطة",
        "خياطة الملابس",
        "الخياطين",
        "تاريخ الخياطة",
        "ملابس الشتاء",
        "ملابس الصيف",
        "مصانع الملابس",
        "ماكينة الخياطة",
        "طريقة الخياطة",
        "اول ماكينة خياطة",
        "ماكينة سنجر",
        "ابرة الخياطة",
        "تطور الخياطة",
        "خياطة يدوية",
        "اختراع الخياطة",
        "ماكينة سنجر للخياطة"
    ],
    "Title": "الخياطة | الدحيح",
    "Number_of_Likes": 25257,
    "Number_of_Dislikes": 0,
    "Number_of_Views": 546343,
    "Number_of_Comments": 959
}