{
    "VideoURL": "https://www.youtube.com/watch?v=dPlQOrUnl24",
    "Type": "YT video",
    "Categories": [
        "الدحيح",
        "eldahih",
        "elda7ee7",
        "da7ee7",
        "al daheeh",
        "اكاديمية الاعلام الجديد",
        "حلقة الدحيح",
        "daheeh",
        "new media academy",
        "النمور",
        "الحيوانات المفترسة",
        "المفترسات",
        "قطيع النمور",
        "الأسود",
        "انقراض النمور",
        "النمر السيبيري",
        "نمور اسيا",
        "اليابان",
        "الصين",
        "نمور الغابات",
        "سلوك النمور",
        "شراسة النمر",
        "قوة النمر",
        "الأسد",
        "حيوانات الغابة",
        "أسطورة النمر",
        "النمر الهندي",
        "الهنود",
        "حارس الغابة",
        "أنياب النمور",
        "عائلات القطط الكبيرة",
        "السنوريات",
        "فصيلة القطط",
        "فصائل النمور"
    ],
    "Title": "النمر | الدحيح",
    "Number_of_Likes": 84299,
    "Number_of_Dislikes": 0,
    "Number_of_Views": 2313235,
    "Number_of_Comments": 2405
}