{
    "VideoURL": "https://www.youtube.com/watch?v=KHOAFoxaZaQ",
    "Type": "YT video",
    "Categories": [
        "الدحيح",
        "eldahih",
        "elda7ee7",
        "da7ee7",
        "al daheeh",
        "اكاديمية الاعلام الجديد",
        "حلقة الدحيح",
        "daheeh",
        "new media academy",
        "الجذر التربيعي",
        "الجذر",
        "الحساب",
        "الرياضيات",
        "الرياضيات البحته",
        "الجذر السالب",
        "قيمة سالبة",
        "معادلات رياضية",
        "المعادلات التكعيبية",
        "الرقم المركب",
        "الرياضيات الحديثة",
        "التفاضل والتكامل",
        "العدد الصحيح",
        "اعداد مركبة",
        "خط الاعداد",
        "علماء الرياضيات",
        "الزاوية القائمة",
        "الدالة الرياضية",
        "صعوبة الرياضيات",
        "أنظمة هندسية",
        "العملية العكسية للتفاضل",
        "عالم الرياضيات",
        "التيار الكهربي",
        "الأعداد التخيلية"
    ],
    "Title": "أعداد لا وجود لها | الدحيح",
    "Number_of_Likes": 86028,
    "Number_of_Dislikes": 0,
    "Number_of_Views": 2060963,
    "Number_of_Comments": 4732
}