{
    "VideoURL": "https://www.youtube.com/watch?v=ikLp-QwVAhc",
    "Type": "YT video",
    "Categories": [
        "الدحيح",
        "eldahih",
        "elda7ee7",
        "da7ee7",
        "al daheeh",
        "اكاديمية الاعلام الجديد",
        "حلقة الدحيح",
        "daheeh",
        "new media academy",
        "حيوانات بشرية",
        "الاستعارة",
        "تشبيه كورونا",
        "التشبيهات",
        "المجازات",
        "مجازات بشرية",
        "مجازات اللغة",
        "اهمية التشبيه",
        "العقل الباطن",
        "الصورة الذهنية",
        "تشبيه شائع",
        "تشبيه الحرب",
        "أميرة عكارة",
        "الوباء كأستعارة",
        "طبيعة الاستعارة",
        "صورة الاستعارة",
        "العلاج النفسي"
    ],
    "Title": "المجازات | الدحيح",
    "Number_of_Likes": 59723,
    "Number_of_Dislikes": 0,
    "Number_of_Views": 1818829,
    "Number_of_Comments": 1484
}