{
    "VideoURL": "https://www.youtube.com/watch?v=vHdFpIYvl88",
    "Type": "YT video",
    "Categories": [
        "الدحيح",
        "برنامج الدحيح الجديد",
        "#daheeh #الدحيح",
        "#الدحيح @da7ee7",
        "eldahih",
        "elda7ee7",
        "new media academy الدحيح",
        "daheeh",
        "da7ee7",
        "elda7i7",
        "دحيح",
        "الفيل",
        "الفيل الإفريقي",
        "الفيل الآسيوي",
        "elephant",
        "حيوان الفيل",
        "معلومات عن حيوان الفيل",
        "الفيلة",
        "معلومات عن فيل",
        "معلومات عن الفيل",
        "معلومات عن الحيوانات",
        "معلومات غريبة عن الفيل",
        "معلومات غريبة حقائق مذهلة عن الفيلة",
        "الماموث",
        "الفيل الأفريقي",
        "فيل السافانا",
        "فيل الغابات الأفريقي",
        "الفيل الأسيوي",
        "جلد الفيل",
        "مخ الفيل",
        "زلومة الفيل",
        "شرق آسيا",
        "الماموث الصوفي"
    ],
    "Title": "الفيل | الدحيح",
    "Number_of_Likes": 118119,
    "Number_of_Dislikes": 0,
    "Number_of_Views": 3363492,
    "Number_of_Comments": 2919
}