{
    "VideoURL": "https://www.youtube.com/watch?v=CFTccBzBGQw",
    "Type": "YT video",
    "Categories": [
        "الدحيح",
        "برنامج الدحيح الجديد",
        "new media academy الدحيح",
        "eldahih",
        "elda7ee7",
        "da7ee7",
        "al daheeh",
        "new media academy",
        "اكاديمية الاعلام الجديد",
        "حلقة الدحيح",
        "daheeh",
        "ماذا لو كان للمقالب وظائف أخرى",
        "حكاية مقالب مبتضحكش",
        "جذع الدماغ",
        "الضحك نشاط إجتماعي",
        "النكت",
        "المقالب",
        "الترفيه",
        "الأنثروبولوجية",
        "باز ألدرين",
        "ريتشارد فاينمان",
        "الإمبراطورية الرومانية",
        "الكوليسيوم",
        "أفلاطون",
        "تشارلي تشابلن",
        "الوجه الآخر للمقالب",
        "المهرجين",
        "sam pepper",
        "monalisa perez",
        "عالم الجريمة",
        "السلوك السادي",
        "عمود التشهير",
        "روبنسون كروزو"
    ],
    "Title": "المقالب | الدحيح",
    "Number_of_Likes": 81873,
    "Number_of_Dislikes": 0,
    "Number_of_Views": 2747818,
    "Number_of_Comments": 1643
}