{
    "VideoURL": "https://www.youtube.com/watch?v=UxvCYEdmJH0",
    "Type": "YT video",
    "Categories": [
        "الدحيح",
        "eldahih",
        "elda7ee7",
        "da7ee7",
        "al daheeh",
        "اكاديمية الاعلام الجديد",
        "حلقة الدحيح",
        "daheeh",
        "new media academy",
        "ألفول",
        "عربيات الفول",
        "فول مدمس",
        "فول بالزيت",
        "الحمام الشعبي",
        "الحجامة",
        "حمام البخار",
        "كتاب وصف مصر",
        "حمام المؤيد",
        "مسجد المؤيد",
        "المستوقد",
        "المكامير",
        "فطار الفول",
        "طعمية",
        "قدماء المصريين",
        "تدميس الفول",
        "قدرة الفول",
        "حبة الفول",
        "طبق هندي",
        "الأرز",
        "أكلة الطنجية المغربية",
        "علم الاجتماع",
        "طبق شعبي في مصر",
        "مصدر البروتين النباتي",
        "المطاعم المصرية",
        "الخيام الرمضانية",
        "اليونسكو",
        "الطبق الشعبي الأول في مصر"
    ],
    "Title": "الفول | الدحيح",
    "Number_of_Likes": 95048,
    "Number_of_Dislikes": 0,
    "Number_of_Views": 3051445,
    "Number_of_Comments": 2833
}