{
    "VideoURL": "https://www.youtube.com/watch?v=RcBR7YDFkaA",
    "Type": "YT video",
    "Categories": [
        "الدحيح",
        "eldahih",
        "elda7ee7",
        "da7ee7",
        "al daheeh",
        "اكاديمية الاعلام الجديد",
        "حلقة الدحيح",
        "daheeh",
        "new media academy",
        "النسيان",
        "تاريخ علم التشريح",
        "تاريخ التشريح",
        "علم التشريح",
        "الطب القديم",
        "الطب الحديث",
        "استخدام التشريح",
        "جالينوس",
        "جرائم القتل",
        "الجريمة",
        "التسمم",
        "الجثث",
        "جثث المشرحة",
        "كلية الطب",
        "مدارس الطب",
        "جمعية الجراحين الملكية",
        "تشريح الجثث",
        "تشريح العين",
        "نبش المقابر",
        "رسوم دافنشي",
        "الجراح",
        "تطور الجراحة",
        "مؤسس كلية الطب",
        "تدريس الطب",
        "نقل الدم",
        "عملية زرع قلب",
        "الجنازات",
        "شركات الأدوية",
        "الطب الشرعي"
    ],
    "Title": "تاريخ التشريح | الدحيح",
    "Number_of_Likes": 70510,
    "Number_of_Dislikes": 0,
    "Number_of_Views": 1867733,
    "Number_of_Comments": 1581
}