{
    "VideoURL": "https://www.youtube.com/watch?v=9_Or_MzGxVw",
    "Type": "YT video",
    "Categories": [
        "الدحيح",
        "برنامج الدحيح الجديد",
        "eldahih",
        "elda7ee7",
        "da7ee7",
        "al daheeh",
        "اكاديمية الاعلام الجديد",
        "حلقة الدحيح",
        "daheeh",
        "new media academy",
        "التطعيمات",
        "أللقاحات",
        "هلاك حتمي",
        "مفاعل تشيرنوبل",
        "اكتشاف اللقاح",
        "اللقاح",
        "جون إنديرز",
        "فيروسات",
        "فيروس الحصبة",
        "كورونا",
        "كوفيد19",
        "كوفيد",
        "الحصبة",
        "علوم الفيروسات",
        "الرعاية الصحية",
        "مناعة القطيع",
        "تطوير اللقاحات",
        "إدوارد جينر",
        "لقاح شلل الأطفال",
        "جوناس سالك",
        "كبد وبائي",
        "التوحد",
        "الميكروبات",
        "رفض التطعيمات",
        "رفض لقاح كورونا",
        "الفاكسين",
        "أمراض الأطفال",
        "براءة اختراع",
        "الفيروس"
    ],
    "Title": "التطعيم | الدحيح",
    "Number_of_Likes": 56195,
    "Number_of_Dislikes": 0,
    "Number_of_Views": 1747245,
    "Number_of_Comments": 1554
}