{
    "VideoURL": "https://www.youtube.com/watch?v=zGQ3zRDylJo",
    "Type": "YT video",
    "Categories": [
        "الدحيح",
        "eldahih",
        "elda7ee7",
        "da7ee7",
        "al daheeh",
        "اكاديمية الاعلام الجديد",
        "حلقة الدحيح",
        "daheeh",
        "new media academy",
        "رؤساء امريكا",
        "نيوتن",
        "اسحق نيوتن",
        "الفيزياء",
        "علم الفيزياء",
        "مؤسس الفيزياء",
        "السير إسحاق نيوتن",
        "جامعة كامبريدج",
        "ديكارت",
        "الطاعون الأسود",
        "التفاضل والتكامل",
        "الجاذبية الأرضية",
        "تجارب نيوتن",
        "تليسكوب نيوتن",
        "حركة الكواكب",
        "قانون الجذب العام",
        "باسكال",
        "قانون نيوتن الاول",
        "قوانين الجاذبية",
        "قوانين الحركة",
        "قوانين نيوتن",
        "حركة الاجسام"
    ],
    "Title": "ثاني أشهر عالِم في العالَم | الدحيح",
    "Number_of_Likes": 92628,
    "Number_of_Dislikes": 0,
    "Number_of_Views": 2393235,
    "Number_of_Comments": 3264
}