{
    "VideoURL": "https://www.youtube.com/watch?v=YPOiNF0riyA",
    "Type": "YT video",
    "Categories": [
        "الدحيح",
        "برنامج الدحيح الجديد",
        "eldahih",
        "elda7ee7",
        "da7ee7",
        "al daheeh",
        "اكاديمية الاعلام الجديد",
        "حلقة الدحيح",
        "daheeh",
        "new media academy",
        "الحرب الباردة",
        "كوبا",
        "الأتحاد السوفييتي",
        "روسيا",
        "أمريكا",
        "ستالين",
        "كينيدي",
        "كاسترو",
        "جيفارا",
        "صواريخ كوبا",
        "أزمة الصواريخ",
        "أول قمر صناعي",
        "القنبلة الذرية",
        "برنامج الفضاء السوفييتي",
        "سبوتنيك",
        "شارل ديجول",
        "أيزنهاور",
        "الثورة الكوبية",
        "خليج الخنازير",
        "خروتشوف",
        "صواريخ جوبيتر",
        "تاريخ الحرب الباردة",
        "قنبلة هيروشيما",
        "الهجوم النووي",
        "نهاية العالم",
        "القنبلة النووية",
        "رئيس أمريكا"
    ],
    "Title": "آخر يوم في العالم | الدحيح",
    "Number_of_Likes": 156239,
    "Number_of_Dislikes": 0,
    "Number_of_Views": 6396147,
    "Number_of_Comments": 3185
}