{
    "VideoURL": "https://www.youtube.com/watch?v=q8odl57WQYE",
    "Type": "YT video",
    "Categories": [
        "الدحيح",
        "eldahih",
        "elda7ee7",
        "da7ee7",
        "al daheeh",
        "اكاديمية الاعلام الجديد",
        "حلقة الدحيح",
        "daheeh",
        "new media academy",
        "شرلوك هولمز",
        "السير آرثر كونان دويل",
        "مؤلف شرلوك هولمز",
        "المحقق البوليسي الأشهر",
        "قتل شيرلوك هولمز",
        "هولمز",
        "المؤلف الأعلى أجرا",
        "المجتمع الفيكتوري",
        "الروايات التاريخية",
        "والتر سكوت",
        "أجاثا كريستي",
        "دراسة في اللون القرمزي",
        "صورة دوريان جراي",
        "مجلة ستراند",
        "دكتور واطسون.",
        "أسطورة جاك السفاح",
        "كونان دويل",
        "أهمية أرثر كونان دويل",
        "قصة كلاب باسكرفيل",
        "الشخصية الأدبية التي صارت أعظم من مؤلفها"
    ],
    "Title": "الجريمة التي لايعلم عنها أحد | الدحيح",
    "Number_of_Likes": 142802,
    "Number_of_Dislikes": 0,
    "Number_of_Views": 3725345,
    "Number_of_Comments": 3532
}