{
    "VideoURL": "https://www.youtube.com/watch?v=92rP7KbuovQ",
    "Type": "YT video",
    "Categories": [
        "الدحيح",
        "eldahih",
        "elda7ee7",
        "da7ee7",
        "al daheeh",
        "اكاديمية الاعلام الجديد",
        "حلقة الدحيح",
        "daheeh",
        "new media academy",
        "الحوت",
        "أكبر ثدييات الكوكب",
        "جينات الحوت",
        "تطور الحوت",
        "أسطورة وحش البحر",
        "الحيتان",
        "اكتشاف حوت",
        "الانتخاب الطبيعي",
        "أول حوت في العالم",
        "المحيط",
        "وحش المحيط",
        "صيد الحيتان",
        "صفات تشريحية",
        "تشريح الهياكل",
        "التشريح المقارن",
        "حفريات الحوت",
        "التطور",
        "نظرية التطور",
        "تكيف الحيتان",
        "بيئة الحيتان",
        "التغير البيئي",
        "تطور الجينات",
        "هشام سلام",
        "وادي الحيتان",
        "وادي الريان",
        "الدكتور هشام سلام"
    ],
    "Title": "أول حوت في العالم | الدحيح",
    "Number_of_Likes": 92811,
    "Number_of_Dislikes": 0,
    "Number_of_Views": 2577901,
    "Number_of_Comments": 6747
}