{
    "VideoURL": "https://www.youtube.com/watch?v=jMEEA8Kbf24",
    "Type": "YT video",
    "Categories": [
        "الدحيح",
        "برنامج الدحيح الجديد",
        "eldahih",
        "elda7ee7",
        "da7ee7",
        "al daheeh",
        "اكاديمية الاعلام الجديد",
        "حلقة الدحيح",
        "daheeh",
        "new media academy",
        "حكاية لعبة",
        "ليجو",
        "العاب اطفال",
        "لعب كبار",
        "لعب مكعبات",
        "الكساد العظيم",
        "ألعاب خشبية",
        "الحرب العالمية التانية",
        "مكعبات الليجو",
        "الليجو",
        "مكعبات",
        "علم النفس الإيجابي",
        "الليغو",
        "عبقرية الليغو",
        "سيكولوجية اللعب",
        "مكعبات رياضية",
        "مايكل نورتون",
        "شركة ليغو",
        "عبقرية الليجو",
        "كيف يلعب الأطفال",
        "الدنمارك",
        "ألعاب عالية الجودة"
    ],
    "Title": "الليجو | الدحيح",
    "Number_of_Likes": 54370,
    "Number_of_Dislikes": 0,
    "Number_of_Views": 1510248,
    "Number_of_Comments": 1117
}