{
    "VideoURL": "https://www.youtube.com/watch?v=s0t_4MSQEYQ",
    "Type": "YT video",
    "Categories": [
        "الدحيح",
        "eldahih",
        "elda7ee7",
        "da7ee7",
        "al daheeh",
        "اكاديمية الاعلام الجديد",
        "حلقة الدحيح",
        "daheeh",
        "new media academy",
        "رؤساء امريكا",
        "الدستور الامريكي",
        "الحزب الديمقراطي",
        "فلسفة الاستثمار",
        "البنوك",
        "بنوك امريكا",
        "أهم قانون في الاستثمار",
        "رجال الاعمال",
        "الذكاء الاصطناعي",
        "صناعة سكك الحديد",
        "وارن بافت",
        "جامعة كامبردج",
        "أعظم مستثمر في التاريخ",
        "البورصة",
        "انهيار البورصة",
        "سوق الاوراق المالية",
        "عنصر المخاطرة",
        "أهم قاعدة في الاستثمار"
    ],
    "Title": "أهم قاعدة في الاستثمار  | الدحيح",
    "Number_of_Likes": 96693,
    "Number_of_Dislikes": 0,
    "Number_of_Views": 2554979,
    "Number_of_Comments": 2610
}