{
    "VideoURL": "https://www.youtube.com/watch?v=CByhaGnB9Co",
    "Type": "YT video",
    "Categories": [
        "الدحيح",
        "أكاديمية الإعلام الجديد",
        "الموناليزا",
        "Daheeh",
        "Dahih",
        "Da7ee7",
        "نيو ميديا اكاديمي",
        "معايير الجمال",
        "الجمال عند العرب",
        "الجمال في افريقيا",
        "beauty standards",
        "unusual beauty standards",
        "male beauty standards",
        "tiktok beauty standards",
        "society beauty standards",
        "beauty standards throughout history",
        "متحف اللوفر",
        "Vincenzo Peruggia",
        "دافنشي",
        "Leonardo da Vinci",
        "لوحة الموناليزا",
        "ابتسامة الموناليزا",
        "النسبة الذهبية",
        "Wabi-sabi",
        "سقراط",
        "أحدب نوتردام",
        "فيكتور هوجو",
        "فينوس آلهة الجمال",
        "ملكات الجمال"
    ],
    "Title": "الموناليزا وحشة | الدحيح",
    "Number_of_Likes": 91227,
    "Number_of_Dislikes": 0,
    "Number_of_Views": 2441217,
    "Number_of_Comments": 2330
}