{
    "VideoURL": "https://www.youtube.com/watch?v=BD7IRNnQSDg",
    "Type": "YT video",
    "Categories": [
        "الدحيح",
        "eldahih",
        "elda7ee7",
        "da7ee7",
        "al daheeh",
        "اكاديمية الاعلام الجديد",
        "حلقة الدحيح",
        "daheeh",
        "new media academy",
        "الربع الخالي",
        "صحراء السعودية",
        "صحراء الربع الخالي",
        "ثروة النفط الهائلة في الشرق الأوسط",
        "المملكة العربية السعودية",
        "ماضي الجزيرة العربيَّة",
        "مدينة قوم عاد",
        "القرية المدفونة",
        "سلطنة عمان",
        "أكبر صحراء رملية",
        "المنطقة الشرقية",
        "الصحراء العربية",
        "رمل يبرين",
        "قبائل السعودية",
        "نجران",
        "قبيلة صحراوية",
        "تاريخ الربع الخالي",
        "حقل الشيبة",
        "جنوب المنبطحات",
        "شبه الجزيرة العربية.",
        "رمال عربية"
    ],
    "Title": "الربع الخالي | الدحيح",
    "Number_of_Likes": 128426,
    "Number_of_Dislikes": 0,
    "Number_of_Views": 4027122,
    "Number_of_Comments": 5408
}