{
    "VideoURL": "https://www.youtube.com/watch?v=YiKVJkKFpsQ",
    "Type": "YT video",
    "Categories": [
        "الدحيح",
        "برنامج الدحيح الجديد",
        "eldahih",
        "elda7ee7",
        "da7ee7",
        "al daheeh",
        "Akbar Anthony",
        "اكاديمية الاعلام الجديد",
        "حلقة الدحيح",
        "daheeh",
        "new media academy",
        "اليابان",
        "الزلازل",
        "زلزال",
        "طوكيو",
        "فرانك لويد رايت",
        "زلزال تركيا",
        "زلزال سوريا",
        "زلزال المكسيك",
        "صفائح تكتونية",
        "لوي سوليفان",
        "المكسيك",
        "ميكسيكو سيتي",
        "كتلة المبنى",
        "ناطحات السحاب",
        "اقتصاد اليابان",
        "عواميد الخرسانة",
        "أكواد التصميم للزلازل",
        "النظام الهيكلي",
        "المهندس المعماري",
        "المهندس الانشائي",
        "زلزال طوكيو",
        "تسونامي",
        "زلزال إيران العراق",
        "زلزال تشي تشي"
    ],
    "Title": "الزلزال | الدحيح",
    "Number_of_Likes": 85313,
    "Number_of_Dislikes": 0,
    "Number_of_Views": 2717423,
    "Number_of_Comments": 1959
}