{
    "VideoURL": "https://www.youtube.com/watch?v=19cSn7JRmO8",
    "Type": "YT video",
    "Categories": [
        "الدحيح",
        "برنامج الدحيح الجديد",
        "eldahih",
        "elda7ee7",
        "da7ee7",
        "al daheeh",
        "اكاديمية الاعلام الجديد",
        "حلقة الدحيح",
        "daheeh",
        "new media academy",
        "دانتي أليجيري",
        "الكوميديا الإلهية",
        "لوسيفر",
        "الجحيم الأبدي",
        "جهنم",
        "النار",
        "العذاب",
        "قلب الجحيم",
        "الشيطان",
        "ابليس",
        "يهوذا",
        "رسالة الغفران",
        "أبي العلاء المعري",
        "قبائل السيرير",
        "أساطير الفايكنيج",
        "شعوب الأزتيك",
        "جلجامش",
        "الناراكا",
        "الجحيم البارد",
        "الديانة الهندوسية",
        "دليلك إلى جهنم في الحضارات القديمة",
        "نشأة العقيدة الإلهية",
        "ديانة التوحيد",
        "الجنة",
        "الفردوس",
        "الأوديسة",
        "النعيم الأبدي"
    ],
    "Title": "تاريخ جهنم | الدحيح",
    "Number_of_Likes": 111662,
    "Number_of_Dislikes": 0,
    "Number_of_Views": 4009121,
    "Number_of_Comments": 17705
}