{
    "VideoURL": "https://www.youtube.com/watch?v=lH7vAzmmB-M",
    "Type": "YT video",
    "Categories": [
        "الدحيح",
        "eldahih",
        "elda7ee7",
        "da7ee7",
        "al daheeh",
        "اكاديمية الاعلام الجديد",
        "حلقة الدحيح",
        "daheeh",
        "new media academy",
        "الكساد الكبير",
        "الدول الغنية والسياسات الفقيرة",
        "فلسفة علم الاقتصاد",
        "قانون بونزي",
        "الحرب العالمية الأولى",
        "وعد بونزي",
        "البورصة الامريكية",
        "نظام الاقتصاد الأمريكي",
        "الاتحاد السوفييتي",
        "الحكومة السوفيتية",
        "الحلم الامريكي",
        "الرئيس هوفر",
        "انهيار البورصة",
        "انهيار اقتصادي",
        "انهيار امريكا",
        "المواطن الأمريكي",
        "قفزة اقتصادية",
        "اتحاد العمال الأمريكي",
        "روزفلت",
        "الحكومة الأمريكية",
        "الدول الرأسمالية"
    ],
    "Title": "الكساد العظيم  | الدحيح",
    "Number_of_Likes": 78523,
    "Number_of_Dislikes": 0,
    "Number_of_Views": 2558464,
    "Number_of_Comments": 1445
}