{
    "VideoURL": "https://www.youtube.com/watch?v=26sk88apodA",
    "Type": "YT video",
    "Categories": [
        "الدحيح",
        "برنامج الدحيح الجديد",
        "حلقة الدحيح",
        "برنامج الدحيح",
        "new media academy الدحيح",
        "#daheeh #الدحيح",
        "eldahih",
        "daheeh",
        "elda7ee7",
        "al daheeh",
        "da7ee7",
        "دحيح",
        "new media academy",
        "اكاديمية الاعلام الجديد",
        "هارفارد",
        "نيوجيرسي",
        "أحمد عدوية",
        "عدوية",
        "احمد عدوية",
        "adaweya",
        "adaweyah",
        "الفن الشعبي",
        "شعبي",
        "اغاني شعبي",
        "شفيق جلال",
        "أم كلثوم",
        "شكوكو",
        "محمد عبد الوهاب",
        "حسن أبو السعود",
        "بليغ حمدي",
        "محمد العزبي",
        "محمد رشدي",
        "عبده الإسكندراني",
        "بنت السلطان",
        "حسن الأسمر",
        "عبد الباسط حمودة",
        "حكيم",
        "محمود الليثي",
        "شارع محمد علي"
    ],
    "Title": "أحمد عدوية | الدحيح",
    "Number_of_Likes": 54754,
    "Number_of_Dislikes": 0,
    "Number_of_Views": 1696731,
    "Number_of_Comments": 1961
}