{
    "VideoURL": "https://www.youtube.com/watch?v=QKrxZuKQ8J0",
    "Type": "YT video",
    "Categories": [
        "الدحيح",
        "eldahih",
        "elda7ee7",
        "da7ee7",
        "al daheeh",
        "اكاديمية الاعلام الجديد",
        "حلقة الدحيح",
        "daheeh",
        "new media academy",
        "جبال الهيمالايا",
        "التبت",
        "المعلم الديني",
        "سيداهارتا",
        "بوذا",
        "المعلم بوذا",
        "الديانات السماوية",
        "تناسخ الأرواح",
        "الهندوسية",
        "البوذية",
        "الكارما",
        "الرغبات الجسدية",
        "النيرفانا",
        "الحكمة في البوذية",
        "الصلاة في الديانات السماوية",
        "اليوجا",
        "موت بوذا",
        "ماهايانا",
        "الإسلام",
        "المسيحية",
        "طوائف البوذية",
        "قصة حياة بوذا",
        "الرغبة",
        "دائرة الحياة",
        "معاناة الإنسان",
        "رغبة إنسانية",
        "إنسان الكارما",
        "الاستنارة"
    ],
    "Title": "البوذا | الدحيح",
    "Number_of_Likes": 91978,
    "Number_of_Dislikes": 0,
    "Number_of_Views": 2615452,
    "Number_of_Comments": 5907
}