{
    "VideoURL": "https://www.youtube.com/watch?v=cRmbuJRPb9M",
    "Type": "YT video",
    "Categories": [
        "الدحيح",
        "eldahih",
        "elda7ee7",
        "da7ee7",
        "al daheeh",
        "اكاديمية الاعلام الجديد",
        "حلقة الدحيح",
        "daheeh",
        "new media academy",
        "البقر",
        "اللبن",
        "لبن البقر",
        "فوائد اللبن",
        "أضرار اللبن",
        "بروتين الألبان",
        "بكتيريا نافعة",
        "فيروسات",
        "لبن الأم",
        "الطفل الرضيع",
        "الهرمونات",
        "تركيبة اللبن",
        "هضم اللبن",
        "التخمر",
        "الميكروبات",
        "لبن صناعي",
        "بديل اللبن",
        "إكسير الحياة",
        "أعظم مادة في التاريخ",
        "المعارك التسويقية",
        "الرضاعة الطبيعية",
        "البرسيم",
        "بسترة اللبن",
        "بروتين حيواني",
        "بروتين",
        "امراض مزمنة",
        "بروتين اللبن",
        "مشروبات اللبن"
    ],
    "Title": "اللبن | الدحيح",
    "Number_of_Likes": 69927,
    "Number_of_Dislikes": 0,
    "Number_of_Views": 2099852,
    "Number_of_Comments": 1997
}