{
    "VideoURL": "https://www.youtube.com/watch?v=25o4-Tl-B58",
    "Type": "YT video",
    "Categories": [
        "الدحيح",
        "eldahih",
        "elda7ee7",
        "da7ee7",
        "al daheeh",
        "اكاديمية الاعلام الجديد",
        "حلقة الدحيح",
        "daheeh",
        "new media academy",
        "نيكولا تسلا",
        "تسلا",
        "الهندسة الكهربية",
        "الفيزياء",
        "مخترع الكهرباء",
        "اديسون",
        "التيار الخفيف",
        "التيار المتردد",
        "اختراعات تسلا",
        "اختراع الكهرباء",
        "الكهرباء",
        "الأجهزة الكهربائية",
        "توماس إديسون",
        "شركة إديسون",
        "تيار الجهد العالي",
        "نظام تسلا",
        "جنرال إليكتريك",
        "بيضة كولومبوس",
        "شركة شلالات نياجارا",
        "الأشعة السينية",
        "الراديو",
        "موجات الراديو"
    ],
    "Title": "تسلا 2 | الدحيح",
    "Number_of_Likes": 70597,
    "Number_of_Dislikes": 0,
    "Number_of_Views": 1814908,
    "Number_of_Comments": 2291
}