{
    "VideoURL": "https://www.youtube.com/watch?v=tXZB5AJmrvM",
    "Type": "YT video",
    "Categories": [
        "الدحيح",
        "برنامج الدحيح الجديد",
        "eldahih",
        "elda7ee7",
        "da7ee7",
        "al daheeh",
        "اكاديمية الاعلام الجديد",
        "حلقة الدحيح",
        "daheeh",
        "new media academy",
        "جيل الالفية",
        "القلق والاكتئاب",
        "جيل زد",
        "الآباء الهليكوبتر",
        "حماية الأطفال",
        "الاطباء النفسيين",
        "الطبقات الاجتماعية",
        "حرية الأبناء",
        "التربية الحديثة",
        "الهشاشة النفسية",
        "التوتر",
        "الصداقات في العمل",
        "التواصل الاجتماعي",
        "السوشيال ميديا",
        "فيسبوك",
        "انستجرام",
        "المراهقين",
        "علماء النفس",
        "علم النفس الاجتماعي"
    ],
    "Title": "جيل زد | الدحيح",
    "Number_of_Likes": 141969,
    "Number_of_Dislikes": 0,
    "Number_of_Views": 3240629,
    "Number_of_Comments": 3530
}