{
    "VideoURL": "https://www.youtube.com/watch?v=yw4Wb9baNKE",
    "Type": "YT video",
    "Categories": [
        "الدحيح",
        "برنامج الدحيح الجديد",
        "eldahih",
        "elda7ee7",
        "da7ee7",
        "al daheeh",
        "اكاديمية الاعلام الجديد",
        "حلقة الدحيح",
        "daheeh",
        "new media academy",
        "هيرودوت",
        "أبريس",
        "الغازات",
        "إطلاق الريح",
        "مشروبات غازية",
        "القولون",
        "تجويع الميكروبات",
        "الأمعاء الدقيقة",
        "المعدة",
        "الكربوهيدرات",
        "أحماض دهنية",
        "ثاني أكسيد الكربون",
        "الميثان",
        "الكرنب",
        "الفاصوليا",
        "التوابل",
        "البومبة",
        "آكلي اللحوم",
        "سمك الرنجة",
        "غازات",
        "النمل الأبيض",
        "موسوعة جينيس",
        "جوزيف بوجول",
        "سيجموند فرويد",
        "الانتفاخات المزمنة",
        "جيم دوسون",
        "الإحراج التاريخي من إطلاق الريح"
    ],
    "Title": "الغازات | الدحيح",
    "Number_of_Likes": 92074,
    "Number_of_Dislikes": 0,
    "Number_of_Views": 2360642,
    "Number_of_Comments": 3308
}