{
    "VideoURL": "https://www.youtube.com/watch?v=nq0EOeSyRBs",
    "Type": "YT video",
    "Categories": [
        "الدحيح",
        "eldahih",
        "elda7ee7",
        "da7ee7",
        "al daheeh",
        "اكاديمية الاعلام الجديد",
        "حلقة الدحيح",
        "daheeh",
        "new media academy",
        "رئيس الوزراء األيرلندي",
        "جو بايدن",
        "أيرلندا",
        "الملك هنري الثامن",
        "قيادات األيرلنديين",
        "الكاثوليكية",
        "سكان ايرلندا",
        "المملكة المتحدة",
        "انجلترا",
        "استيطان ايرلندا",
        "الكاثوليك",
        "دورييدا",
        "الاستعمار الانجليزي",
        "مجاعة البطاطس",
        "أهالي أيرلندا",
        "البوليس الانجليزي",
        "دبلن",
        "الحكومة البريطانية",
        "البرلمان الانجليزي",
        "استقلال ايرلندا",
        "تحرير ايرلندا",
        "الجيش الجمهوري",
        "جيش ايرلندا",
        "حرب العصابات"
    ],
    "Title": "أيرلندا | الدحيح",
    "Number_of_Likes": 68013,
    "Number_of_Dislikes": 0,
    "Number_of_Views": 1690754,
    "Number_of_Comments": 2120
}