{
    "VideoURL": "https://www.youtube.com/watch?v=yyTnuv1gxfc",
    "Type": "YT video",
    "Categories": [
        "الدحيح",
        "eldahih",
        "elda7ee7",
        "da7ee7",
        "al daheeh",
        "اكاديمية الاعلام الجديد",
        "حلقة الدحيح",
        "daheeh",
        "new media academy",
        "الجمل",
        "الجمل العربي",
        "جمال الجزيرة العربية",
        "سفينة الصحراء",
        "سنام الجمل",
        "شبه الجزيرة العربية",
        "خصائص الجمل",
        "موطن الجمل",
        "الجمل الاسترالي",
        "الجمل الصحراوي",
        "انواع الجمال",
        "الجمال البرية",
        "البيئة الصحراوية",
        "الرمال المتحركة",
        "سلوكيات الجمل",
        "انتقام الجمل",
        "الجمل في الحروب",
        "لبن الابل",
        "لبن الجمل",
        "معجزة الجمل"
    ],
    "Title": "حيوان ضخمُ الحجم لديه سنام فوق ظهره وملقَّب بسفينة الصحراء.. فمَن هو | الدحيح",
    "Number_of_Likes": 64896,
    "Number_of_Dislikes": 0,
    "Number_of_Views": 1572735,
    "Number_of_Comments": 3313
}