{
    "VideoURL": "https://www.youtube.com/watch?v=_Eduwcfv2_I",
    "Type": "YT video",
    "Categories": [
        "الدحيح",
        "eldahih",
        "elda7ee7",
        "da7ee7",
        "al daheeh",
        "اكاديمية الاعلام الجديد",
        "حلقة الدحيح",
        "daheeh",
        "new media academy",
        "الجزائر الشعبية",
        "بلد المليون شهيد",
        "الجزائر",
        "الاحتلال الفرنسي",
        "احتلال الجزائر",
        "وهران",
        "الاستعمار الفرنسي",
        "قرية القطينة",
        "عبد القادر ناصر الدين",
        "الامير عبد القادر",
        "المنطقة العربية",
        "الشرق الاوسط",
        "شمال افريقيا",
        "فرنسا",
        "الجيش العثماني",
        "مدينة الجزائر",
        "الداي حسين",
        "عنابة",
        "سلطان المغرب",
        "عبد القادر الجزائري",
        "قبائل الجزائر",
        "حرب الاستقلال",
        "شهداء الجزائر",
        "العاصمة الجزائر",
        "هزيمة فرنسا"
    ],
    "Title": "الجزائري الذي أبكى فرنسا | الدحيح",
    "Number_of_Likes": 157602,
    "Number_of_Dislikes": 0,
    "Number_of_Views": 3252175,
    "Number_of_Comments": 9935
}