{
    "VideoURL": "https://www.youtube.com/watch?v=BAx0LI6NnNg",
    "Type": "YT video",
    "Categories": [
        "الدحيح",
        "eldahih",
        "elda7ee7",
        "da7ee7",
        "al daheeh",
        "اكاديمية الاعلام الجديد",
        "حلقة الدحيح",
        "daheeh",
        "new media academy",
        "عملية اختراق إلكترونية",
        "الجيل الجديد من الحروب",
        "الرئيسي الأمريكي بايدن",
        "عملية اختراق إلكتروني",
        "الهاكرز",
        "اختراق إلكترونية",
        "أزمة بترول في أمريكا",
        "جهاز الكمبيوتر",
        "بيل جيتس",
        "اختراق الانظمة",
        "اختراق السيستم",
        "الهاكينج",
        "خطوات الهاكينج",
        "فيروس الفدية",
        "تعريف الهاكينج",
        "البلاك هاتس",
        "الوايت هاتس",
        "ثغرة في فيسبوك",
        "أزمة باتريون",
        "السايبر سكيورتي",
        "ثغرات الانترنت",
        "شركة كولونيال الأمريكية"
    ],
    "Title": "الهاكر | الدحيح",
    "Number_of_Likes": 137231,
    "Number_of_Dislikes": 0,
    "Number_of_Views": 4659307,
    "Number_of_Comments": 1893
}