{
    "VideoURL": "https://www.youtube.com/watch?v=Z8het4evBqA",
    "Type": "YT video",
    "Categories": [
        "الدحيح",
        "eldahih",
        "elda7ee7",
        "da7ee7",
        "al daheeh",
        "اكاديمية الاعلام الجديد",
        "حلقة الدحيح",
        "daheeh",
        "new media academy",
        "الذئب",
        "قطيع الذئاب",
        "ذئب منفرد",
        "مملكة الحيوان",
        "صيد الذئاب",
        "الصيادين",
        "غابات الهند",
        "رحلات الصيد",
        "ذئاب بشرية",
        "السلسلة الغذائية",
        "صغار الذئاب",
        "عائلة الذئاب",
        "الكلاب الأليفة",
        "الذئاب الأليفة",
        "الذئب الحبشي",
        "الذئب العربي",
        "الذئب القطبي",
        "غريزة الذئاب",
        "عواء الذئاب",
        "الذئب المسيطر",
        "ذئاب بيتا",
        "ذئاب الاوميجا",
        "سلوك الذئاب",
        "معارك الذئاب",
        "دراسة الذئاب",
        "الذئاب الغريبة",
        "التنوع الجيني"
    ],
    "Title": "الذئب | الدحيح",
    "Number_of_Likes": 83873,
    "Number_of_Dislikes": 0,
    "Number_of_Views": 2170303,
    "Number_of_Comments": 1731
}