{
    "VideoURL": "https://www.youtube.com/watch?v=WlO-riE-Nm8",
    "Type": "YT video",
    "Categories": [
        "الدحيح",
        "برنامج الدحيح الجديد",
        "eldahih",
        "elda7ee7",
        "da7ee7",
        "al daheeh",
        "اكاديمية الاعلام الجديد",
        "حلقة الدحيح",
        "daheeh",
        "new media academy",
        "مخدرات",
        "مدمن الكحول",
        "إدمان الكحول",
        "التعافي من الإدمان",
        "LSD",
        "العلاج النفسي",
        "Lysergic acid diethylamide",
        "العلاج بالLSD",
        "مسببات الإدمان",
        "تجارة المخدرات",
        "DMT",
        "هامفري أوزموند",
        "المدمنين",
        "السايكيديليكس",
        "البلاسيبو",
        "جون هوبكينز",
        "مرضى السرطان",
        "الطب النفسي الحديث",
        "أسد يلا فيه إيه",
        "تجربة المخدرات",
        "التدخين",
        "الحشيش",
        "السيروتونين",
        "مضادات الاكتئاب",
        "الاستشفاء النفسي"
    ],
    "Title": "الفيل الأزرق | الدحيح",
    "Number_of_Likes": 86033,
    "Number_of_Dislikes": 0,
    "Number_of_Views": 3553476,
    "Number_of_Comments": 1685
}