{
    "VideoURL": "https://www.youtube.com/watch?v=wE6NNKcnaPA",
    "Type": "YT video",
    "Categories": [
        "الدحيح",
        "eldahih",
        "elda7ee7",
        "da7ee7",
        "al daheeh",
        "اكاديمية الاعلام الجديد",
        "حلقة الدحيح",
        "daheeh",
        "new media academy",
        "تيتانك",
        "سفينة تيتانك",
        "غرق تيتانك",
        "غرق سفينة تيتانك",
        "كابتن تيتانك",
        "فيلم تيتانك",
        "titanic",
        "titanic ship",
        "جاك فيليبس",
        "قصة حب جاك وروز",
        "ارشميدس",
        "قانون الطفو",
        "الملاحة الدولية",
        "حجم الماء المزاح",
        "وزن الماء المزاح",
        "القبطان",
        "قصة تيتانيك",
        "قوارب النجاة",
        "الجبل الجليدي",
        "مستوى سطح البحر",
        "وزن السفينة",
        "القصور الذاتي",
        "سرعة السفينة",
        "غرق السفن",
        "دورية الجليد الدولية"
    ],
    "Title": "السفينة التي لا تغرق | الدحيح",
    "Number_of_Likes": 119314,
    "Number_of_Dislikes": 0,
    "Number_of_Views": 3096951,
    "Number_of_Comments": 3215
}