{
    "VideoURL": "https://www.youtube.com/watch?v=idevGAEPgyg",
    "Type": "YT video",
    "Categories": [
        "الدحيح",
        "eldahih",
        "elda7ee7",
        "da7ee7",
        "al daheeh",
        "اكاديمية الاعلام الجديد",
        "حلقة الدحيح",
        "daheeh",
        "new media academy",
        "ديزني",
        "والت ديزني",
        "اكبر ملاهي في الارض",
        "ديزني لاند",
        "مدينة ديزني",
        "قواعد ديزني",
        "افلام ديزني لاند",
        "شخصيات ديزني",
        "بناء ديزني",
        "عالم والت ديزني",
        "مدينة ترفيهية",
        "الرسوم المتحركة",
        "ميكي",
        "بطوط",
        "ديزني شو",
        "أول ديزني لاند",
        "منظمة ديزني",
        "مدينة مستقبل",
        "العم والت",
        "القلاع الإسطورية",
        "ملاهي ديزني",
        "مباني ديزني"
    ],
    "Title": "أشهر ملاهي في كوكب الارض | الدحيح",
    "Number_of_Likes": 65332,
    "Number_of_Dislikes": 0,
    "Number_of_Views": 1626768,
    "Number_of_Comments": 1246
}