{
    "VideoURL": "https://www.youtube.com/watch?v=THYvJgllb-o",
    "Type": "YT video",
    "Categories": [
        "الدحيح",
        "eldahih",
        "elda7ee7",
        "da7ee7",
        "al daheeh",
        "اكاديمية الاعلام الجديد",
        "حلقة الدحيح",
        "daheeh",
        "new media academy",
        "البترول الجديد",
        "الولايات المتحدة",
        "مصدر المنتجات",
        "الرقاقات الالكترونية",
        "الحرب العالمية الثانية",
        "الترانزستور",
        "الذكاء الاصطناعي",
        "الراديو",
        "اكبر شركة في العالم",
        "الصين",
        "اليابان",
        "تايوان",
        "أغلى مصنع في العالم",
        "انجازات البشرية",
        "ويليام شوكلي",
        "وادي السيليكون",
        "الاتحاد السوفيتي",
        "الشركات الرأسمالية",
        "كوكب اليابان",
        "كوريا الجنوبية",
        "الصين الشيوعية",
        "الذراع الاستثماري الإماراتي",
        "ستيف جوبز"
    ],
    "Title": "الحرب على أهم صناعة في العالم | الدحيح",
    "Number_of_Likes": 97377,
    "Number_of_Dislikes": 0,
    "Number_of_Views": 3315045,
    "Number_of_Comments": 2446
}