{
    "VideoURL": "https://www.youtube.com/watch?v=2AgpnT-bN-M",
    "Type": "YT video",
    "Categories": [
        "الدحيح",
        "برنامج الدحيح الجديد",
        "حلقة الدحيح",
        "برنامج الدحيح",
        "new media academy الدحيح",
        "#daheeh #الدحيح",
        "eldahih",
        "daheeh",
        "elda7ee7",
        "al daheeh",
        "da7ee7",
        "دحيح",
        "new media academy",
        "اكاديمية الاعلام الجديد",
        "ارتباط عاطفي",
        "الرومانسية",
        "الحب الرومانسي",
        "جواز",
        "طلبة الجامعات",
        "المرتبطين",
        "الكابلز",
        "الخطوبة",
        "علاقات عن بعد",
        "تغير شكل العلاقات للأبد",
        "المشاكل العاطفية",
        "تحديات العلاقات",
        "التوتر",
        "الحزن",
        "الأوكسيتوسين",
        "هرمون الارتباط",
        "ماساتشوستس",
        "التكنولوجيا",
        "التواصل الجسدي",
        "جامعة أوهايو"
    ],
    "Title": "علاقات عن بعد | الدحيح",
    "Number_of_Likes": 132442,
    "Number_of_Dislikes": 0,
    "Number_of_Views": 2831992,
    "Number_of_Comments": 3279
}