{
    "VideoURL": "https://www.youtube.com/watch?v=BlyIHrIJoT0",
    "Type": "YT video",
    "Categories": [
        "الدحيح",
        "eldahih",
        "elda7ee7",
        "da7ee7",
        "al daheeh",
        "اكاديمية الاعلام الجديد",
        "حلقة الدحيح",
        "daheeh",
        "new media academy",
        "رقعة شطرنج",
        "الشطرنج",
        "ساحة الصالة الرياضية",
        "نهائي بطولة العالم للشطرنج",
        "الاتحاد السوفيتي",
        "تاريخ الشطرنج",
        "مباراة القرن",
        "بوريس سباسكي",
        "روبرت فيشر",
        "بطولة العالم للشطرنج",
        "لعبة شعبية",
        "الحرب الباردة",
        "بروباجندا السوفيت",
        "بطل العالم",
        "أقوى قطعة في الشطرنج",
        "الولايات المتحدة",
        "بطولة الولايات المتحدة للشطرنج",
        "بول مورفي",
        "جنون الارتياب",
        "تأثير الشطرنج",
        "جيم شيروين",
        "هنري كيسنجر"
    ],
    "Title": "عندما ذهب عبقري الشطرنج بوبي فيشر إلى الحرب | الدحيح",
    "Number_of_Likes": 144634,
    "Number_of_Dislikes": 0,
    "Number_of_Views": 3606040,
    "Number_of_Comments": 2874
}