{
    "VideoURL": "https://www.youtube.com/watch?v=pWKshuxAIBM",
    "Type": "YT video",
    "Categories": [
        "الدحيح",
        "eldahih",
        "elda7ee7",
        "da7ee7",
        "al daheeh",
        "اكاديمية الاعلام الجديد",
        "حلقة الدحيح",
        "daheeh",
        "new media academy",
        "شبح الأمومة",
        "الأمهات",
        "الام",
        "تربية الاطفال",
        "التحيز ضد الأم",
        "صحة الاطفال",
        "الأمومة",
        "الأمومة البيولوجية",
        "أسطورة الأم المقدسة",
        "العصر الحجري",
        "إيزيس",
        "حورس",
        "الرضاعة الطبيعية",
        "الفيلسوف جون لوك",
        "سلوكيات سيئة للابناء",
        "مشاكل الأطفال الجسدية",
        "تقديس الأم",
        "الأسطورة الحديثة للأمومة",
        "تربية الأطفال في أمريكا",
        "اللوم بين الأمهات",
        "هوية اجتماعية",
        "الاختفاء النفسي",
        "الإختفاء الفعلي",
        "جروبات الماميز"
    ],
    "Title": "شبح الأمومة | الدحيح",
    "Number_of_Likes": 68674,
    "Number_of_Dislikes": 0,
    "Number_of_Views": 1713854,
    "Number_of_Comments": 2042
}