{
    "VideoURL": "https://www.youtube.com/watch?v=sIl0OLZVhv4",
    "Type": "YT video",
    "Categories": [
        "الدحيح",
        "eldahih",
        "elda7ee7",
        "da7ee7",
        "al daheeh",
        "اكاديمية الاعلام الجديد",
        "حلقة الدحيح",
        "daheeh",
        "new media academy",
        "الاوكسجين",
        "ثاني أوكسيد الكربون",
        "الغلاف الجوي",
        "الاوزون",
        "الأكسجين",
        "غازات سامة",
        "حرارة الكوكب",
        "الاحتباس الحراري",
        "كوكب الارض",
        "التنفس",
        "التمثيل الضوئي",
        "ثقب الاوزون",
        "غازات التنفس",
        "تفاعل الاكسجين",
        "الجذور الحرة",
        "البناء الضوئي",
        "البكتيريا",
        "طبقة األوزون",
        "االحتباس الحراري",
        "الكائنات الحية",
        "الغالف الجوي",
        "األشعة فوق البنفسجية",
        "ذرات الكلور",
        "جذر األكسجين الفائق"
    ],
    "Title": "غاز سام نتنفسه يوميًا | الدحيح",
    "Number_of_Likes": 58041,
    "Number_of_Dislikes": 0,
    "Number_of_Views": 1698799,
    "Number_of_Comments": 1915
}