{
    "VideoURL": "https://www.youtube.com/watch?v=BO7mALtbs_k",
    "Type": "YT video",
    "Categories": [
        "الدحيح",
        "eldahih",
        "elda7ee7",
        "da7ee7",
        "al daheeh",
        "اكاديمية الاعلام الجديد",
        "حلقة الدحيح",
        "daheeh",
        "new media academy",
        "روميل",
        "هتلر",
        "ثعلب الصحراء",
        "معركة العلمين",
        "العلمين",
        "الحرب العالمية الثانية",
        "الحرب",
        "هزيمة المانيا",
        "هزيمة هتلر",
        "احتلال مصر",
        "احتلال ليبيا",
        "مونتجمري",
        "الجيش الألماني",
        "القائد العسكري الألماني",
        "الحرب العالمية الأولى",
        "أساليب روميل",
        "الرايخ الالماني",
        "حرب عالمية",
        "انتحار روميل",
        "المانيا النازية",
        "انتحار هتلر",
        "هزيمة روميل",
        "الحرب الخاطفة"
    ],
    "Title": "روميل ثعلب الصحراء | الدحيح",
    "Number_of_Likes": 84034,
    "Number_of_Dislikes": 0,
    "Number_of_Views": 2591982,
    "Number_of_Comments": 2567
}