{
    "VideoURL": "https://www.youtube.com/watch?v=RLL_QRAONSw",
    "Type": "YT video",
    "Categories": [
        "الدحيح",
        "eldahih",
        "elda7ee7",
        "da7ee7",
        "al daheeh",
        "اكاديمية الاعلام الجديد",
        "حلقة الدحيح",
        "daheeh",
        "new media academy",
        "ضيوف غير مدعووين",
        "غزو الكائنات",
        "كائن جديد",
        "الأنواع الغازية",
        "الكائن المفترس",
        "بالمينا بيرد",
        "تقليد صوت البشر",
        "أصوات المفترسين",
        "الأفاعي",
        "طائر مشهور في جنوب آسيا",
        "الحشرات واليرقات",
        "الاتحاد الدولي لحفظ الطبيعة",
        "الباحث باسم ربيع",
        "طيور المينة",
        "معهد صحة الحيوان",
        "الأسد",
        "النمر",
        "ورد النيل",
        "بحيرة فيكتوريا",
        "آكلي النباتات",
        "الأرانب الأوروبية",
        "أستراليا",
        "عدد المفترسين",
        "الاستاكوزا",
        "الراكون"
    ],
    "Title": "غزو الكائنات | الدحيح",
    "Number_of_Likes": 73403,
    "Number_of_Dislikes": 0,
    "Number_of_Views": 2308907,
    "Number_of_Comments": 1266
}