{
    "VideoURL": "https://www.youtube.com/watch?v=rhho9QbxfGM",
    "Type": "YT video",
    "Categories": [
        "الدحيح",
        "eldahih",
        "elda7ee7",
        "da7ee7",
        "al daheeh",
        "اكاديمية الاعلام الجديد",
        "حلقة الدحيح",
        "daheeh",
        "new media academy",
        "روليكس",
        "ساعة روليكس",
        "قصة رولكس",
        "هانس ويلسدورف",
        "أكبر شركة ساعات سويسرية",
        "ساعات سويسرية",
        "ساعة سويسري",
        "أغلى ساعة في العالم",
        "شركة روليكس",
        "اسطورة روليكس",
        "تسويق روليكس",
        "ساعات الجيب",
        "أول ساعة في العالم",
        "موديلات روليكس",
        "أغلى ساعة روليكس",
        "اغرب موديلات روليكس",
        "اغرب ساعة في العالم",
        "اغلي موديلات روليكس",
        "مؤسس روليكس"
    ],
    "Title": "ساعة الأثرياء | الدحيح",
    "Number_of_Likes": 100113,
    "Number_of_Dislikes": 0,
    "Number_of_Views": 2860460,
    "Number_of_Comments": 1765
}