[
    {
        "title": "بودكاست اشتري مني - ألمانيا رايح جاي مع مروان موسى",
        "type": "Podcast",
        "category": "Comedy",
        "dialogue": "true",
        "source_url": "https://www.youtube.com/watch?v=E7_qWkWoeDg"
    },
    {
        "title": "بودكاست اشتري مني -  شعبيات عبدالرحيم",
        "type": "Podcast",
        "category": "People & Blogs",
        "dialogue": "true",
        "source_url": "https://www.youtube.com/watch?v=pxqJYoEtUeE"
    },
    {
        "title": "بودكاست اشتري مني - خطير ولا يطير",
        "type": "Podcast",
        "category": "People & Blogs",
        "dialogue": "true",
        "source_url": "https://www.youtube.com/watch?v=pu3ONbzQkII"
    },
    {
        "title": "بودكاست اشتري مني - بعيدًا عن كرة القدم! مع نصوحي ومرعي",
        "type": "Podcast",
        "category": "People & Blogs",
        "dialogue": "true",
        "source_url": "https://www.youtube.com/watch?v=KatB-TAzCmg"
    },
    {
        "title": "بودكاست اشتري مني - يا خسارتك في الليالي",
        "type": "Podcast",
        "category": "People & Blogs",
        "dialogue": "true",
        "source_url": "https://www.youtube.com/watch?v=IiMhfJalvfc"
    },
    {
        "title": "بودكاست اشتري مني - الآخر يا حضرات",
        "type": "Podcast",
        "category": "People & Blogs",
        "dialogue": "true",
        "source_url": "https://www.youtube.com/watch?v=r95AwPmHXwA"
    },
    {
        "title": "بودكاست اشتري مني - سحلة مش صعبة",
        "type": "Podcast",
        "category": "People & Blogs",
        "dialogue": "true",
        "source_url": "https://www.youtube.com/watch?v=f5kPjLwmmBQ"
    }
]