[
    {
        "title": "بودكاست كفاية بقى - كاتش عليه ١",
        "type": "Podcast",
        "category": "People & Blogs",
        "dialogue": "false",
        "source_url": "https://www.youtube.com/watch?v=to6UAi5nRKE"
    },
    {
        "title": "بودكاست كفاية بقى - بطاطس مش محمرة",
        "type": "Podcast",
        "category": "People & Blogs",
        "dialogue": "false",
        "source_url": "https://www.youtube.com/watch?v=6m1tV2VhT5M"
    },
    {
        "title": "بودكاست كفاية بقى - تشيز كيك بدون تشيز",
        "type": "Podcast",
        "category": "People & Blogs",
        "dialogue": "false",
        "source_url": "https://www.youtube.com/watch?v=QWKAWAT7DvM"
    },
    {
        "title": "بودكاست كفاية بقى - بس هو طيب",
        "type": "Podcast",
        "category": "People & Blogs",
        "dialogue": "false",
        "source_url": "https://www.youtube.com/watch?v=M3DY-jrUdMk"
    },
    {
        "title": "بودكاست كفاية بقى “بالله عليك” - روحانيات وحاجات",
        "type": "Podcast",
        "category": "People & Blogs",
        "dialogue": "false",
        "source_url": "https://www.youtube.com/watch?v=NO4rWsn6mD0"
    },
    {
        "title": "بودكاست كفاية بقى “بالله عليك”  - أحلى شغل ٢",
        "type": "Podcast",
        "category": "People & Blogs",
        "dialogue": "false",
        "source_url": "https://www.youtube.com/watch?v=3vDmUr67nDA"
    },
    {
        "title": "بودكاست كفاية بقى “بالله عليك” - أحلى شغل ١",
        "type": "Podcast",
        "category": "People & Blogs",
        "dialogue": "false",
        "source_url": "https://www.youtube.com/watch?v=ZgY2P7qXa2c"
    },
    {
        "title": "بودكاست كفاية بقى “بالله عليك” قسم وسمعني ٢",
        "type": "Podcast",
        "category": "People & Blogs",
        "dialogue": "false",
        "source_url": "https://www.youtube.com/watch?v=nWNWPwdkblE"
    },
    {
        "title": "بودكاست كفاية بقى “بالله عليك” - قسم وسمعني ١",
        "type": "Podcast",
        "category": "People & Blogs",
        "dialogue": "false",
        "source_url": "https://www.youtube.com/watch?v=y5FmCZ9Wgkk"
    },
    {
        "title": "بودكاست كفاية بقى “بالله عليك” - العسف الرمضاني",
        "type": "Podcast",
        "category": "People & Blogs",
        "dialogue": "false",
        "source_url": "https://www.youtube.com/watch?v=9HN_U36XqyI"
    },
    {
        "title": "بودكاست كفاية بقى “بالله عليك” - رمضان جدا ٢",
        "type": "Podcast",
        "category": "People & Blogs",
        "dialogue": "false",
        "source_url": "https://www.youtube.com/watch?v=vaoFDtPysYM"
    },
    {
        "title": "بودكاست كفاية بقى “بالله عليك” - رمضان جدا ١",
        "type": "Podcast",
        "category": "People & Blogs",
        "dialogue": "false",
        "source_url": "https://www.youtube.com/watch?v=dOiEyqGN0n0"
    },
    {
        "title": "بودكاست كفاية بقى - سوبر سوبريم",
        "type": "Podcast",
        "category": "Comedy",
        "dialogue": "false",
        "source_url": "https://www.youtube.com/watch?v=PXWHVLTjdKs"
    },
    {
        "title": "بودكاست كفاية بقى - في الجسم السليم",
        "type": "Podcast",
        "category": "Comedy",
        "dialogue": "false",
        "source_url": "https://www.youtube.com/watch?v=mzvw7y7tYLU"
    },
    {
        "title": "بودكاست كفاية بقى - العقل السليم",
        "type": "Podcast",
        "category": "Comedy",
        "dialogue": "false",
        "source_url": "https://www.youtube.com/watch?v=IslrvdrLXvw"
    },
    {
        "title": "بودكاست كفاية بقى - علاقات خاصة ٢",
        "type": "Podcast",
        "category": "Comedy",
        "dialogue": "false",
        "source_url": "https://www.youtube.com/watch?v=KsKzo73C2M0"
    },
    {
        "title": "بودكاست كفاية بقى - علاقات خاصة ١",
        "type": "Podcast",
        "category": "People & Blogs",
        "dialogue": "false",
        "source_url": "https://www.youtube.com/watch?v=HLy0Z_nqVLw"
    },
    {
        "title": "بودكاست كفاية بقى - العشق الممنوع",
        "type": "Podcast",
        "category": "People & Blogs",
        "dialogue": "false",
        "source_url": "https://www.youtube.com/watch?v=eSEWzE6VxME"
    },
    {
        "title": "كفاية بقى بودكاست - الحصة التانية",
        "type": "Podcast",
        "category": "People & Blogs",
        "dialogue": "false",
        "source_url": "https://www.youtube.com/watch?v=NXHyBkz5-sE"
    },
    {
        "title": "بودكاست كفاية بقى - الحصة الأولى",
        "type": "Podcast",
        "category": "People & Blogs",
        "dialogue": "false",
        "source_url": "https://www.youtube.com/watch?v=_f859rlxUW8"
    },
    {
        "title": "اتقلوا تاخدوا حاجة نضيفة!!!!!",
        "type": "Podcast",
        "category": "People & Blogs",
        "dialogue": "false",
        "source_url": "https://www.youtube.com/watch?v=77XzsJZUojg"
    }
]