[
    {
        "title": "تحويل التحديات لـ بزنس تعليمي مؤثر ف المجتمع مع دينا عبدالوهاب مؤسسة Innovvette Education- EP #123",
        "type": "Podcast",
        "category": "People & Blogs",
        "dialogue": "true",
        "source_url": "https://www.youtube.com/watch?v=WzWMd9yKz68"
    },
    {
        "title": "تحليل الاسواق ودراسة المشاريع لتحقيق استثمار ناجح مع معتز ابو عنق مؤسس Studio VMS - EP #122",
        "type": "Podcast",
        "category": "People & Blogs",
        "dialogue": "true",
        "source_url": "https://www.youtube.com/watch?v=sbR6smdxCnI"
    },
    {
        "title": "أبرز صعوبات تواجه المشاريع اللوجستية وأسرار الادارة المالية مع سامر غرايبة CEO Mylerz - EP #121",
        "type": "Podcast",
        "category": "People & Blogs",
        "dialogue": "true",
        "source_url": "https://www.youtube.com/watch?v=mq2Z8w0xt9A"
    },
    {
        "title": "ريادة الأعمال من البداية الى بيع الشركة لشركة عالمية  - سامح صالح مؤسس شركة Harmonica - EP #120",
        "type": "Podcast",
        "category": "People & Blogs",
        "dialogue": "true",
        "source_url": "https://www.youtube.com/watch?v=mvEJjQMSolU"
    },
    {
        "title": "النجاح في ادارة اكثر من ٧٠٠٠ موظف وتحقيق الريادة في ال Fintech - حازم مغازي CEO AMAN - EP #119",
        "type": "Podcast",
        "category": "People & Blogs",
        "dialogue": "true",
        "source_url": "https://www.youtube.com/watch?v=1wDGuHE_UDc"
    },
    {
        "title": "تحقيق الارباح من الاستثمار في الشركات الناشئة والمتوسطة - طارق رشدي  UI investments - EP #118",
        "type": "Podcast",
        "category": "People & Blogs",
        "dialogue": "true",
        "source_url": "https://www.youtube.com/watch?v=FMZYIHgM1JY"
    },
    {
        "title": "تطوير الاعمال و رياده الاعمال في مجال التعليم - داليا إبراهيم رئيسة مجلس ادارة نهضة مصر- EP #117",
        "type": "Podcast",
        "category": "People & Blogs",
        "dialogue": "true",
        "source_url": "https://www.youtube.com/watch?v=mROOZWxnRyQ"
    },
    {
        "title": "كيف تحول افكارك وشغفك الى مشروع مربح - محمد تهامي الرئيس التنفيذي لـ Passion Point - EP #116",
        "type": "Podcast",
        "category": "People & Blogs",
        "dialogue": "true",
        "source_url": "https://www.youtube.com/watch?v=P_vPi3U6s8Q"
    },
    {
        "title": "من بزنس ال DropShipping الى مؤسسة اكبر منصة بيع دواء اونلاين - دعاء عارف مؤسس شركة شفاء - EP #115",
        "type": "Podcast",
        "category": "People & Blogs",
        "dialogue": "true",
        "source_url": "https://www.youtube.com/watch?v=UVP1-ipdrHE"
    },
    {
        "title": "فن صناعة القادة والرؤساء التنفيذين في الشركات الكبرى  - مدحت خليل مؤسس شركة راية القابضة - EP #114",
        "type": "Podcast",
        "category": "People & Blogs",
        "dialogue": "true",
        "source_url": "https://www.youtube.com/watch?v=x6AGHXi_7Jo"
    },
    {
        "title": "من فشل في ٩ مشاريع الى احد انجح رواد اعمال مجال ال  Fintech- عبدالعزيز الجوف مؤسس شركة Paytabs -#113",
        "type": "Podcast",
        "category": "People & Blogs",
        "dialogue": "true",
        "source_url": "https://www.youtube.com/watch?v=LOSRlzLnDpE"
    },
    {
        "title": "اشهر اخطاء الادارة في الشركات وكيفية علاجها - ابراهيم سليمان CEO لشركة INTEGROMED - EP #112",
        "type": "Podcast",
        "category": "People & Blogs",
        "dialogue": "true",
        "source_url": "https://www.youtube.com/watch?v=d0JC046UVkQ"
    },
    {
        "title": "بناء عقلية تجلب المبيعات - حسام عز الرئيس التنفيذي لشركة فوري بلاس - EP #112",
        "type": "Podcast",
        "category": "People & Blogs",
        "dialogue": "true",
        "source_url": "https://www.youtube.com/watch?v=ZPawLC0xSY4"
    },
    {
        "title": "كيف يزيد نجاح الإدارة التنفيذية المبيعات - أحمد عنايت الرئيس التنفيذي لشركة الأهلي ممكن - EP #111",
        "type": "Podcast",
        "category": "People & Blogs",
        "dialogue": "true",
        "source_url": "https://www.youtube.com/watch?v=KHmK5PAkGc0"
    },
    {
        "title": "تحول البراند من المحلية الى العالمية - محمد طلعت Concrete - EP #110",
        "type": "Podcast",
        "category": "People & Blogs",
        "dialogue": "true",
        "source_url": "https://www.youtube.com/watch?v=tIuKrWb5GcU"
    },
    {
        "title": "Money Fellows  المثابرة والانضباط كيف حققت عملا ناجحا في التكنولوجيا الماليه  - احمد وادي  - EP #109",
        "type": "Podcast",
        "category": "People & Blogs",
        "dialogue": "true",
        "source_url": "https://www.youtube.com/watch?v=327iM0lKhWw"
    },
    {
        "title": "Principle at A15 Ventures الاستثمار وكيف تقيم الشركات  - باسم رأفت  - EP #108",
        "type": "Podcast",
        "category": "People & Blogs",
        "dialogue": "true",
        "source_url": "https://www.youtube.com/watch?v=4m0pH59WIJg"
    },
    {
        "title": "Wellex Medical مهارات التعلم والمثابرة والنجاح في بزنس التصنيع الطبي  - احمد المحمدي  - EP #107",
        "type": "Podcast",
        "category": "People & Blogs",
        "dialogue": "true",
        "source_url": "https://www.youtube.com/watch?v=e6LYbg_w0t8"
    },
    {
        "title": "تطوير الشركات العائلية وتحويلها الى العالمية  -  محمد الدماطي  CEO دومتي - EP #106",
        "type": "Podcast",
        "category": "People & Blogs",
        "dialogue": "true",
        "source_url": "https://www.youtube.com/watch?v=mfZmi-k_mW0"
    },
    {
        "title": "كيف تحول شغفك الى مشروع ناجح ومؤثر وتحقق عائد كبير منه  -  ياسمين هلال مؤسسة Educate Me  - EP #105",
        "type": "Podcast",
        "category": "People & Blogs",
        "dialogue": "true",
        "source_url": "https://www.youtube.com/watch?v=qI-Xr2vUao4"
    },
    {
        "title": "تخطي الصعوبات و مهارات اتخاذ القرار   - محسن سرحان رئيس تنفيذي بنك الطعام  - EP #104",
        "type": "Podcast",
        "category": "People & Blogs",
        "dialogue": "true",
        "source_url": "https://www.youtube.com/watch?v=V3jBi4wA9Po"
    },
    {
        "title": "من مهندس الى مستثمر في رأس المال الجرئ - محمد علاء الدين مدير في صندوق Global ventures  - EP #103",
        "type": "Podcast",
        "category": "People & Blogs",
        "dialogue": "true",
        "source_url": "https://www.youtube.com/watch?v=7R9VV7UMA6E"
    },
    {
        "title": "آثر الذكاء الاصطناعي على الأعمال في المستقبل مع احمد اباظة CEO Synapse Analytics - EP #102",
        "type": "Podcast",
        "category": "People & Blogs",
        "dialogue": "true",
        "source_url": "https://www.youtube.com/watch?v=PLT-xuUBSQw"
    },
    {
        "title": "بناء استراتيجية البراند وكيفية دراسة الاسواق  مع أحمد زكي CEO لشركة The Board Consulting - EP #101",
        "type": "Podcast",
        "category": "People & Blogs",
        "dialogue": "true",
        "source_url": "https://www.youtube.com/watch?v=vVdkfolLLLs"
    },
    {
        "title": "التخطيط وإنجاز الأهداف وتحويلها الي واقع مع وليد حسونة ألرئيس التنفيذي شركة Valu - EP #100",
        "type": "Podcast",
        "category": "People & Blogs",
        "dialogue": "true",
        "source_url": "https://www.youtube.com/watch?v=ba3McoOo_x8"
    },
    {
        "title": "التسويق بشكل صحيح حتى تحقق مبيعات كبيرة  مع مدحت ياسين - EP #99",
        "type": "Podcast",
        "category": "People & Blogs",
        "dialogue": "true",
        "source_url": "https://www.youtube.com/watch?v=y6DzxXS1VYU"
    },
    {
        "title": "كيف تكون استشاري ناجح وتعلم ادارة المشاريع  مع احمد بدر المدير لشركة AB& Associates - EP #98",
        "type": "Podcast",
        "category": "People & Blogs",
        "dialogue": "true",
        "source_url": "https://www.youtube.com/watch?v=dfM2aJAvTTA"
    },
    {
        "title": "التحول الرقمي و مستقبل عملات الرقميه مع دكتور احمد منصور  - EP #97",
        "type": "Podcast",
        "category": "People & Blogs",
        "dialogue": "true",
        "source_url": "https://www.youtube.com/watch?v=uWVv0bJLPk8"
    },
    {
        "title": "لا تختار الاستسلام كيف تنجح المشروعات الصغيرة مع احمد شعبان الرئيس التنفيذي لشركة Simplex - EP #96",
        "type": "Podcast",
        "category": "People & Blogs",
        "dialogue": "true",
        "source_url": "https://www.youtube.com/watch?v=VAy57BMVsaw"
    },
    {
        "title": "من الصفر الى اكبر مُصنع ومصدر لعربات البيع المتنقلة مع احمد لاشين مؤسس cashcow و world - EP #95",
        "type": "Podcast",
        "category": "People & Blogs",
        "dialogue": "true",
        "source_url": "https://www.youtube.com/watch?v=vbaeBItEEVQ"
    },
    {
        "title": "انقاذ الشركات المتعثرة من الفشل وبزنس ال FinTech مع إسماعيل سرهنك شركة  Menthum - EP #94",
        "type": "Podcast",
        "category": "People & Blogs",
        "dialogue": "true",
        "source_url": "https://www.youtube.com/watch?v=2SD5TEgR7bo"
    },
    {
        "title": "اكبر اخطاء تقع فيها الشركات الصغيرة وحلها مع احمد حازم الرئيس التنفيذي لشركة Falak StartUps - EP #93",
        "type": "Podcast",
        "category": "People & Blogs",
        "dialogue": "true",
        "source_url": "https://www.youtube.com/watch?v=3KGWyenHKJs"
    },
    {
        "title": "الخروج عن المألوف للنجاح في بزنس التعليم- كريم مصطفى المدير التنفيذي لـ Eduhive EP #92",
        "type": "Podcast",
        "category": "People & Blogs",
        "dialogue": "true",
        "source_url": "https://www.youtube.com/watch?v=2ySHbYI7P48"
    },
    {
        "title": "تخطي العثرات والقيام بعد السقوط و المثابره- وائل الفخراني المدير التنفيذي لـ Edenred UAE EP #91",
        "type": "Podcast",
        "category": "People & Blogs",
        "dialogue": "true",
        "source_url": "https://www.youtube.com/watch?v=q-joY6JX0O4"
    },
    {
        "title": "كيف تنتهز الفرص و تحولها الي نجاح في حياتك - محمد الفقي مؤسس Sympl EP #90",
        "type": "Podcast",
        "category": "People & Blogs",
        "dialogue": "true",
        "source_url": "https://www.youtube.com/watch?v=jaXkoGMPsiY"
    },
    {
        "title": "من مهندس الى رئيس مجلس ادارة لشركة مقاولات - طارق الجمال RedCon group #89",
        "type": "Podcast",
        "category": "People & Blogs",
        "dialogue": "true",
        "source_url": "https://www.youtube.com/watch?v=VgG2KEnpbd0"
    },
    {
        "title": "تطوير الاعمال والاستثمار مع زياد علي مؤسس Peacock - EP #88",
        "type": "Podcast",
        "category": "People & Blogs",
        "dialogue": "true",
        "source_url": "https://www.youtube.com/watch?v=mI8OnyQsFGo"
    },
    {
        "title": "فن ادارة الاعمال وكيفية قيادة البزنس الي النجاح مع شريف البحيري مدير MDI - EP #87",
        "type": "Podcast",
        "category": "People & Blogs",
        "dialogue": "true",
        "source_url": "https://www.youtube.com/watch?v=bxNwrcXzHCw"
    },
    {
        "title": "تأثير الإبداع على النجاح بزنس الـ Digital media احمد قوشة مؤسس Kijamii و Flapkap- EP #85",
        "type": "Podcast",
        "category": "Education",
        "dialogue": "true",
        "source_url": "https://www.youtube.com/watch?v=JmhKuCDppUI"
    },
    {
        "title": "اسرا البيع الاونلاين وكيفية بناء براند قوي - محمد جمال مؤسس جود EP #84",
        "type": "Podcast",
        "category": "People & Blogs",
        "dialogue": "true",
        "source_url": "https://www.youtube.com/watch?v=G2RIOlpuE-M"
    },
    {
        "title": "من الأكاديمية الى ريادة الأعمال وبزنس مستحضرات التجميل - محمد صلاح EP #83",
        "type": "Podcast",
        "category": "Education",
        "dialogue": "true",
        "source_url": "https://www.youtube.com/watch?v=OhuzO3A7AYI"
    },
    {
        "title": "من رجل مبيعات الى مُصنِع ملابس رحلة بناء البرند - هاني محمد مؤسس cleverjeans - EP #82",
        "type": "Podcast",
        "category": "Education",
        "dialogue": "true",
        "source_url": "https://www.youtube.com/watch?v=6Xh1jxRAvNQ"
    },
    {
        "title": "من دكتوره في الجامعة إلى رائدة أعمال و مجال ال fintech - ندا الشاذلي EP #81",
        "type": "Podcast",
        "category": "Education",
        "dialogue": "true",
        "source_url": "https://www.youtube.com/watch?v=UDVh3iu92Mw"
    },
    {
        "title": "ما معنى النجاح #2",
        "type": "Podcast",
        "category": "Education",
        "dialogue": "true",
        "source_url": "https://www.youtube.com/watch?v=3M-MsqmDul4"
    },
    {
        "title": "من طيار الي رائد اعمال قصة محمد عاصي مؤسس براند lychee  - EP #80",
        "type": "Podcast",
        "category": "Education",
        "dialogue": "true",
        "source_url": "https://www.youtube.com/watch?v=roiXnSz0Ilw"
    },
    {
        "title": "دروس من رحله ريادة الأعمال للاستثمار الجريء مع أمير شريف مؤسس WUZZUF - EP#79",
        "type": "Podcast",
        "category": "Education",
        "dialogue": "true",
        "source_url": "https://www.youtube.com/watch?v=yGiF6G3GCHk"
    },
    {
        "title": "كيف تحصل على تمويل لشركتك؟ مع ايمن طه مؤسس Otmost EP #78",
        "type": "Podcast",
        "category": "Education",
        "dialogue": "true",
        "source_url": "https://www.youtube.com/watch?v=NmpOHPZBn9o"
    },
    {
        "title": "رحلة من مدير منتجات الى رئيس تنفيذي لرائد اعمال مع أحمد عبد الستار مؤسس Qupil- EP #78",
        "type": "Podcast",
        "category": "Education",
        "dialogue": "true",
        "source_url": "https://www.youtube.com/watch?v=0j6WGz19jlQ"
    },
    {
        "title": "كيف تستغل فترة الشباب للنجاح في ريادة الأعمال مع محمد الدلال مؤسس Techne summit - EP #77",
        "type": "Podcast",
        "category": "Education",
        "dialogue": "true",
        "source_url": "https://www.youtube.com/watch?v=nsjD_NUEusk"
    },
    {
        "title": "بناء المشروعات من البداية الى النجاح مع عمر ابو زيد مؤسس VOO - EP #76",
        "type": "Podcast",
        "category": "Education",
        "dialogue": "true",
        "source_url": "https://www.youtube.com/watch?v=TUYbzfpe_UY"
    }
]